parcel_id,municipal_plot_id,cadastral_owner,municipal_owner,owner_similarity,relationship
P0001,M-8000,Suresh Patil,Suresh Patil,100.0,LIKELY SAME OWNER
P0002,M-8001,Neha Verma,Neha Verma,100.0,LIKELY SAME OWNER
P0003,M-8002,Priya Singh,Priya Singh,100.0,LIKELY SAME OWNER
P0004,M-8003,Suresh Patil,Suresh Patil,100.0,LIKELY SAME OWNER
P0005,M-8004,Mahesh Deshmukh,Mahesh Deshmukh,100.0,LIKELY SAME OWNER
P0006,M-8005,Rajesh K.,Rajesh Kumar,80.0,REVIEW REQUIRED
P0007,M-8006,Suresh Patil,Suresh Patil,100.0,LIKELY SAME OWNER
P0008,M-8007,Priya Singh,Priya Singh,100.0,LIKELY SAME OWNER
P0009,M-8008,Sunita Pawar,Sunita Pawar,100.0,LIKELY SAME OWNER
P0010,M-8009,Sunita Pawar,Sunita Pawar,100.0,LIKELY SAME OWNER
P0011,M-8010,Priya Singh,Priya Singh,100.0,LIKELY SAME OWNER
P0012,M-8011,Mahesh Deshmukh,Mahesh Deshmukh,100.0,LIKELY SAME OWNER
P0013,M-8012,Rajesh Kumar,Rajesh Kumar,100.0,LIKELY SAME OWNER
P0014,M-8013,Anita Joshi,Anita Joshi,100.0,LIKELY SAME OWNER
P0015,M-8014,Neha Verma,Neha Verma,100.0,LIKELY SAME OWNER
P0016,M-8015,Suresh P.,Priya Singh,21.05,OWNER CONFLICT
P0017,M-8016,Suresh Patil,Suresh Patil,100.0,LIKELY SAME OWNER
P0018,M-8017,Anita Joshi,Anita Joshi,100.0,LIKELY SAME OWNER
P0019,M-8018,Vijay More,Vijay More,100.0,LIKELY SAME OWNER
P0020,M-8019,Mahesh Deshmukh,Mahesh Deshmukh,100.0,LIKELY SAME OWNER
P0021,M-8020,Rajesh Kumar,Rajesh Kumar,100.0,LIKELY SAME OWNER
P0022,M-8021,Sunita Pawar,Sunita Pawar,100.0,LIKELY SAME OWNER
P0023,M-8022,Anita Joshi,Anita Joshi,100.0,LIKELY SAME OWNER
P0024,M-8023,Sunita Pawar,Sunita Pawar,100.0,LIKELY SAME OWNER
P0025,M-8024,Mahesh Deshmukh,Mahesh Deshmukh,100.0,LIKELY SAME OWNER
P0026,M-8025,Mahesh Deshmukh,Mahesh Deshmukh,100.0,LIKELY SAME OWNER
P0027,M-8026,Suresh Patil,Suresh Patil,100.0,LIKELY SAME OWNER
P0028,M-8027,Priya Singh,Priya Singh,100.0,LIKELY SAME OWNER
P0029,M-8028,Suresh Patil,Suresh Patil,100.0,LIKELY SAME OWNER
P0030,M-8029,Suresh Patil,Suresh Patil,100.0,LIKELY SAME OWNER
P0031,M-8030,Neha Verma,Neha Verma,100.0,LIKELY SAME OWNER
P0032,M-8031,Vijay More,Vijay More,100.0,LIKELY SAME OWNER
P0033,M-8032,Vijay More,Vijay More,100.0,LIKELY SAME OWNER
P0034,M-8033,Priya Singh,Priya Singh,100.0,LIKELY SAME OWNER
P0035,M-8034,Suresh Patil,Suresh Patil,100.0,LIKELY SAME OWNER
P0036,M-8035,Amit S.,Sunita Pawar,33.33,OWNER CONFLICT
P0037,M-8036,Amit Sharma,Amit Sharma,100.0,LIKELY SAME OWNER
P0038,M-8037,Anita Joshi,Anita Joshi,100.0,LIKELY SAME OWNER
P0039,M-8038,Sunita Pawar,Sunita Pawar,100.0,LIKELY SAME OWNER
P0040,M-8039,Vijay More,Vijay More,100.0,LIKELY SAME OWNER
P0041,M-8040,Priya Singh,Priya Singh,100.0,LIKELY SAME OWNER
P0042,M-8041,Vijay More,Vijay More,100.0,LIKELY SAME OWNER
P0043,M-8042,Neha Verma,Neha Verma,100.0,LIKELY SAME OWNER
P0044,M-8043,Priya Singh,Priya Singh,100.0,LIKELY SAME OWNER
P0045,M-8044,Priya Singh,Priya Singh,100.0,LIKELY SAME OWNER
P0046,M-8045,Anita Joshi,Anita Joshi,100.0,LIKELY SAME OWNER
P0047,M-8046,Amit Sharma,Amit Sharma,100.0,LIKELY SAME OWNER
P0048,M-8047,Amit Sharma,Amit Sharma,100.0,LIKELY SAME OWNER
P0049,M-8048,Sunita Pawar,Sunita Pawar,100.0,LIKELY SAME OWNER
P0050,M-8049,Mahesh Deshmukh,Mahesh Deshmukh,100.0,LIKELY SAME OWNER
P0051,M-8050,Mahesh Deshmukh,Mahesh Deshmukh,100.0,LIKELY SAME OWNER
P0052,M-8051,Vijay More,Vijay More,100.0,LIKELY SAME OWNER
P0053,M-8052,Amit Sharma,Amit Sharma,100.0,LIKELY SAME OWNER
P0054,M-8053,Suresh Patil,Suresh Patil,100.0,LIKELY SAME OWNER
P0055,M-8054,Suresh Patil,Suresh Patil,100.0,LIKELY SAME OWNER
P0056,M-8055,Amit Sharma,Amit Sharma,100.0,LIKELY SAME OWNER
P0057,M-8056,Mahesh Deshmukh,Mahesh Deshmukh,100.0,LIKELY SAME OWNER
P0058,M-8057,Anita Joshi,Anita Joshi,100.0,LIKELY SAME OWNER
P0059,M-8058,Mahesh Deshmukh,Mahesh Deshmukh,100.0,LIKELY SAME OWNER
P0060,M-8059,Sunita Pawar,Sunita Pawar,100.0,LIKELY SAME OWNER
P0061,M-8060,Sunita Pawar,Sunita Pawar,100.0,LIKELY SAME OWNER
P0062,M-8061,Suresh Patil,Suresh Patil,100.0,LIKELY SAME OWNER
P0063,M-8062,Vijay More,Vijay More,100.0,LIKELY SAME OWNER
P0064,M-8063,Neha Verma,Neha Verma,100.0,LIKELY SAME OWNER
P0065,M-8064,Amit Sharma,Amit Sharma,100.0,LIKELY SAME OWNER
P0066,M-8065,Rajesh Kumar,Rajesh Kumar,100.0,LIKELY SAME OWNER
P0067,M-8066,Sunita Pawar,Sunita Pawar,100.0,LIKELY SAME OWNER
P0068,M-8067,Sunita Pawar,Sunita Pawar,100.0,LIKELY SAME OWNER
P0069,M-8068,Neha Verma,Neha Verma,100.0,LIKELY SAME OWNER
P0070,M-8069,Amit Sharma,Amit Sharma,100.0,LIKELY SAME OWNER
P0071,M-8070,Amit Sharma,Amit Sharma,100.0,LIKELY SAME OWNER
P0072,M-8071,Mahesh Deshmukh,Mahesh Deshmukh,100.0,LIKELY SAME OWNER
P0073,M-8072,Rohit Kulkarni,Rohit Kulkarni,100.0,LIKELY SAME OWNER
P0074,M-8073,Suresh Patil,Suresh Patil,100.0,LIKELY SAME OWNER
P0075,M-8074,Neha Verma,Neha Verma,100.0,LIKELY SAME OWNER
P0076,M-8075,Rajesh Kumar,Rajesh Kumar,100.0,LIKELY SAME OWNER
P0077,M-8076,Mahesh Deshmukh,Mahesh Deshmukh,100.0,LIKELY SAME OWNER
P0078,M-8077,Suresh Patil,Suresh Patil,100.0,LIKELY SAME OWNER
P0079,M-8078,Suresh Patil,Suresh Patil,100.0,LIKELY SAME OWNER
P0080,M-8079,Amit Sharma,Amit Sharma,100.0,LIKELY SAME OWNER
P0081,M-8080,Sunita Pawar,Sunita Pawar,100.0,LIKELY SAME OWNER
P0082,M-8081,Neha Verma,Neha Verma,100.0,LIKELY SAME OWNER
P0083,M-8082,Priya Singh,Priya Singh,100.0,LIKELY SAME OWNER
P0084,M-8083,Neha Verma,Neha Verma,100.0,LIKELY SAME OWNER
P0085,M-8084,Vijay More,Vijay More,100.0,LIKELY SAME OWNER
P0086,M-8085,Sunita Pawar,Sunita Pawar,100.0,LIKELY SAME OWNER
P0087,M-8086,Suresh Patil,Suresh Patil,100.0,LIKELY SAME OWNER
P0088,M-8087,Priya Singh,Priya Singh,100.0,LIKELY SAME OWNER
P0089,M-8088,Vijay More,Vijay More,100.0,LIKELY SAME OWNER
P0090,M-8089,Mahesh Deshmukh,Mahesh Deshmukh,100.0,LIKELY SAME OWNER
P0091,M-8090,Mahesh Deshmukh,Mahesh Deshmukh,100.0,LIKELY SAME OWNER
P0092,M-8091,Rajesh Kumar,Rajesh Kumar,100.0,LIKELY SAME OWNER
P0093,M-8092,Rajesh Kumar,Rajesh Kumar,100.0,LIKELY SAME OWNER
P0094,M-8093,Suresh Patil,Suresh Patil,100.0,LIKELY SAME OWNER
P0095,M-8094,Vijay More,Vijay More,100.0,LIKELY SAME OWNER
P0096,M-8095,Sunita Pawar,Sunita Pawar,100.0,LIKELY SAME OWNER
P0097,M-8096,Neha Verma,Neha Verma,100.0,LIKELY SAME OWNER
P0098,M-8097,Priya Singh,Priya Singh,100.0,LIKELY SAME OWNER
P0099,M-8098,Mahesh Deshmukh,Mahesh Deshmukh,100.0,LIKELY SAME OWNER
P0100,M-8099,Priya Singh,Priya Singh,100.0,LIKELY SAME OWNER
P0101,M-8100,Anita Joshi,Anita Joshi,100.0,LIKELY SAME OWNER
P0102,M-8101,Suresh Patil,Suresh Patil,100.0,LIKELY SAME OWNER
P0103,M-8102,Anita Joshi,Anita Joshi,100.0,LIKELY SAME OWNER
P0104,M-8103,Anita Joshi,Anita Joshi,100.0,LIKELY SAME OWNER
P0105,M-8104,Rohit Kulkarni,Rohit Kulkarni,100.0,LIKELY SAME OWNER
P0106,M-8105,Suresh Patil,Suresh Patil,100.0,LIKELY SAME OWNER
P0107,M-8106,Anita Joshi,Anita Joshi,100.0,LIKELY SAME OWNER
P0108,M-8107,Suresh Patil,Suresh Patil,100.0,LIKELY SAME OWNER
P0109,M-8108,Priya Singh,Priya Singh,100.0,LIKELY SAME OWNER
P0110,M-8109,Sunita Pawar,Sunita Pawar,100.0,LIKELY SAME OWNER
P0111,M-8110,Amit Sharma,Amit Sharma,100.0,LIKELY SAME OWNER
P0112,M-8111,Amit Sharma,Amit Sharma,100.0,LIKELY SAME OWNER
P0113,M-8112,Rohit Kulkarni,Rohit Kulkarni,100.0,LIKELY SAME OWNER
P0114,M-8113,Suresh Patil,Suresh Patil,100.0,LIKELY SAME OWNER
P0115,M-8114,Sunita Pawar,Sunita Pawar,100.0,LIKELY SAME OWNER
P0116,M-8115,Rajesh Kumar,Rajesh Kumar,100.0,LIKELY SAME OWNER
P0117,M-8116,Suresh Patil,Suresh Patil,100.0,LIKELY SAME OWNER
P0118,M-8117,Amit Sharma,Amit Sharma,100.0,LIKELY SAME OWNER
P0119,M-8118,Rohit Kulkarni,Rohit Kulkarni,100.0,LIKELY SAME OWNER
P0120,M-8119,Priya Singh,Priya Singh,100.0,LIKELY SAME OWNER
P0121,M-8120,Rajesh Kumar,Rajesh Kumar,100.0,LIKELY SAME OWNER
P0122,M-8121,Anita Joshi,Anita Joshi,100.0,LIKELY SAME OWNER
P0123,M-8122,Anita Joshi,Anita Joshi,100.0,LIKELY SAME OWNER
P0124,M-8123,Rohit Kulkarni,Rohit Kulkarni,100.0,LIKELY SAME OWNER
P0125,M-8124,Anita Joshi,Anita Joshi,100.0,LIKELY SAME OWNER
P0126,M-8125,Amit Sharma,Amit Sharma,100.0,LIKELY SAME OWNER
P0127,M-8126,Neha Verma,Neha Verma,100.0,LIKELY SAME OWNER
P0128,M-8127,Rajesh Kumar,Rajesh Kumar,100.0,LIKELY SAME OWNER
P0129,M-8128,Vijay More,Vijay More,100.0,LIKELY SAME OWNER
P0130,M-8129,Rajesh Kumar,Rajesh Kumar,100.0,LIKELY SAME OWNER
P0131,M-8130,Sunita Pawar,Sunita Pawar,100.0,LIKELY SAME OWNER
P0132,M-8131,Rajesh Kumar,Rajesh Kumar,100.0,LIKELY SAME OWNER
P0133,M-8132,Amit Sharma,Amit Sharma,100.0,LIKELY SAME OWNER
P0134,M-8133,Mahesh Deshmukh,Mahesh Deshmukh,100.0,LIKELY SAME OWNER
P0135,M-8134,Priya Singh,Priya Singh,100.0,LIKELY SAME OWNER
P0136,M-8135,Suresh Patil,Suresh Patil,100.0,LIKELY SAME OWNER
P0137,M-8136,Mahesh Deshmukh,Mahesh Deshmukh,100.0,LIKELY SAME OWNER
P0138,M-8137,Mahesh Deshmukh,Mahesh Deshmukh,100.0,LIKELY SAME OWNER
P0139,M-8138,Anita Joshi,Anita Joshi,100.0,LIKELY SAME OWNER
P0140,M-8139,Neha Verma,Neha Verma,100.0,LIKELY SAME OWNER
P0141,M-8140,Vijay More,Vijay More,100.0,LIKELY SAME OWNER
P0142,M-8141,Neha Verma,Neha Verma,100.0,LIKELY SAME OWNER
P0143,M-8142,Amit Sharma,Amit Sharma,100.0,LIKELY SAME OWNER
P0144,M-8143,Rohit Kulkarni,Rohit Kulkarni,100.0,LIKELY SAME OWNER
P0145,M-8144,Suresh Patil,Suresh Patil,100.0,LIKELY SAME OWNER
P0146,M-8145,Rohit Kulkarni,Rohit Kulkarni,100.0,LIKELY SAME OWNER
P0147,M-8146,Suresh Patil,Suresh Patil,100.0,LIKELY SAME OWNER
P0148,M-8147,Sunita Pawar,Sunita Pawar,100.0,LIKELY SAME OWNER
P0149,M-8148,Amit Sharma,Amit Sharma,100.0,LIKELY SAME OWNER
P0150,M-8149,Suresh Patil,Suresh Patil,100.0,LIKELY SAME OWNER
P0151,M-8150,Vijay More,Vijay More,100.0,LIKELY SAME OWNER
P0152,M-8151,Amit Sharma,Amit Sharma,100.0,LIKELY SAME OWNER
P0153,M-8152,Sunita Pawar,Sunita Pawar,100.0,LIKELY SAME OWNER
P0154,M-8153,Mahesh Deshmukh,Mahesh Deshmukh,100.0,LIKELY SAME OWNER
P0155,M-8154,Sunita Pawar,Sunita Pawar,100.0,LIKELY SAME OWNER
P0156,M-8155,Suresh Patil,Suresh Patil,100.0,LIKELY SAME OWNER
P0157,M-8156,Neha Verma,Neha Verma,100.0,LIKELY SAME OWNER
P0158,M-8157,Suresh Patil,Suresh Patil,100.0,LIKELY SAME OWNER
P0159,M-8158,Neha Verma,Neha Verma,100.0,LIKELY SAME OWNER
P0160,M-8159,Mahesh Deshmukh,Mahesh Deshmukh,100.0,LIKELY SAME OWNER
P0161,M-8160,Vijay More,Vijay More,100.0,LIKELY SAME OWNER
P0162,M-8161,Neha Verma,Neha Verma,100.0,LIKELY SAME OWNER
P0163,M-8162,Neha Verma,Neha Verma,100.0,LIKELY SAME OWNER
P0164,M-8163,Suresh Patil,Suresh Patil,100.0,LIKELY SAME OWNER
P0165,M-8164,Neha Verma,Neha Verma,100.0,LIKELY SAME OWNER
P0166,M-8165,Rajesh Kumar,Rajesh Kumar,100.0,LIKELY SAME OWNER
P0167,M-8166,Amit Sharma,Amit Sharma,100.0,LIKELY SAME OWNER
P0168,M-8167,Amit Sharma,Amit Sharma,100.0,LIKELY SAME OWNER
P0169,M-8168,Sunita Pawar,Sunita Pawar,100.0,LIKELY SAME OWNER
P0170,M-8169,Sunita Pawar,Sunita Pawar,100.0,LIKELY SAME OWNER
P0171,M-8170,Suresh Patil,Suresh Patil,100.0,LIKELY SAME OWNER
P0172,M-8171,Amit Sharma,Amit Sharma,100.0,LIKELY SAME OWNER
P0173,M-8172,Vijay More,Vijay More,100.0,LIKELY SAME OWNER
P0174,M-8173,Anita Joshi,Anita Joshi,100.0,LIKELY SAME OWNER
P0175,M-8174,Rajesh Kumar,Rajesh Kumar,100.0,LIKELY SAME OWNER
P0176,M-8175,Vijay More,Vijay More,100.0,LIKELY SAME OWNER
P0177,M-8176,Vijay More,Vijay More,100.0,LIKELY SAME OWNER
P0178,M-8177,Priya Singh,Priya Singh,100.0,LIKELY SAME OWNER
P0179,M-8178,Vijay More,Vijay More,100.0,LIKELY SAME OWNER
P0180,M-8179,Mahesh Deshmukh,Mahesh Deshmukh,100.0,LIKELY SAME OWNER
P0181,M-8180,Priya Singh,Priya Singh,100.0,LIKELY SAME OWNER
P0182,M-8181,Amit Sharma,Amit Sharma,100.0,LIKELY SAME OWNER
P0183,M-8182,Rajesh Kumar,Rajesh Kumar,100.0,LIKELY SAME OWNER
P0184,M-8183,Vijay More,Vijay More,100.0,LIKELY SAME OWNER
P0185,M-8184,Priya Singh,Priya Singh,100.0,LIKELY SAME OWNER
P0186,M-8185,Amit Sharma,Amit Sharma,100.0,LIKELY SAME OWNER
P0187,M-8186,Anita Joshi,Anita Joshi,100.0,LIKELY SAME OWNER
P0188,M-8187,Rohit Kulkarni,Rohit Kulkarni,100.0,LIKELY SAME OWNER
P0189,M-8188,Priya Singh,Priya Singh,100.0,LIKELY SAME OWNER
P0190,M-8189,Vijay More,Vijay More,100.0,LIKELY SAME OWNER
P0191,M-8190,Priya Singh,Priya Singh,100.0,LIKELY SAME OWNER
P0192,M-8191,Rajesh Kumar,Rajesh Kumar,100.0,LIKELY SAME OWNER
P0193,M-8192,Anita Joshi,Anita Joshi,100.0,LIKELY SAME OWNER
P0194,M-8193,Neha Verma,Neha Verma,100.0,LIKELY SAME OWNER
P0195,M-8194,Neha Verma,Neha Verma,100.0,LIKELY SAME OWNER
P0196,M-8195,Sunita Pawar,Sunita Pawar,100.0,LIKELY SAME OWNER
P0197,M-8196,Sunita Pawar,Sunita Pawar,100.0,LIKELY SAME OWNER
P0198,M-8197,Rajesh Kumar,Rajesh Kumar,100.0,LIKELY SAME OWNER
P0199,M-8198,Neha Verma,Neha Verma,100.0,LIKELY SAME OWNER
P0200,M-8199,Mahesh Deshmukh,Mahesh Deshmukh,100.0,LIKELY SAME OWNER
P0201,M-8200,Rajesh Kumar,Rajesh Kumar,100.0,LIKELY SAME OWNER
P0202,M-8201,Mahesh Deshmukh,Mahesh Deshmukh,100.0,LIKELY SAME OWNER
P0203,M-8202,Vijay More,Vijay More,100.0,LIKELY SAME OWNER
P0204,M-8203,Anita Joshi,Anita Joshi,100.0,LIKELY SAME OWNER
P0205,M-8204,Anita Joshi,Anita Joshi,100.0,LIKELY SAME OWNER
P0206,M-8205,Neha Verma,Neha Verma,100.0,LIKELY SAME OWNER
P0207,M-8206,Anita Joshi,Anita Joshi,100.0,LIKELY SAME OWNER
P0208,M-8207,Sunita Pawar,Sunita Pawar,100.0,LIKELY SAME OWNER
P0209,M-8208,Vijay More,Vijay More,100.0,LIKELY SAME OWNER
P0210,M-8209,Suresh Patil,Suresh Patil,100.0,LIKELY SAME OWNER
P0211,M-8210,Mahesh Deshmukh,Mahesh Deshmukh,100.0,LIKELY SAME OWNER
P0212,M-8211,Suresh Patil,Suresh Patil,100.0,LIKELY SAME OWNER
P0213,M-8212,Sunita Pawar,Sunita Pawar,100.0,LIKELY SAME OWNER
P0214,M-8213,Anita Joshi,Anita Joshi,100.0,LIKELY SAME OWNER
P0215,M-8214,Anita Joshi,Anita Joshi,100.0,LIKELY SAME OWNER
P0216,M-8215,Sunita Pawar,Sunita Pawar,100.0,LIKELY SAME OWNER
P0217,M-8216,Priya Singh,Priya Singh,100.0,LIKELY SAME OWNER
P0218,M-8217,Anita Joshi,Anita Joshi,100.0,LIKELY SAME OWNER
P0219,M-8218,Mahesh Deshmukh,Mahesh Deshmukh,100.0,LIKELY SAME OWNER
P0220,M-8219,Anita Joshi,Anita Joshi,100.0,LIKELY SAME OWNER
P0221,M-8220,Neha Verma,Neha Verma,100.0,LIKELY SAME OWNER
P0222,M-8221,Priya Singh,Priya Singh,100.0,LIKELY SAME OWNER
P0223,M-8222,Mahesh Deshmukh,Mahesh Deshmukh,100.0,LIKELY SAME OWNER
P0224,M-8223,Rohit Kulkarni,Rohit Kulkarni,100.0,LIKELY SAME OWNER
P0225,M-8224,Rohit Kulkarni,Rohit Kulkarni,100.0,LIKELY SAME OWNER
P0226,M-8225,Sunita Pawar,Sunita Pawar,100.0,LIKELY SAME OWNER
P0227,M-8226,Amit Sharma,Amit Sharma,100.0,LIKELY SAME OWNER
P0228,M-8227,Neha Verma,Neha Verma,100.0,LIKELY SAME OWNER
P0229,M-8228,Suresh Patil,Suresh Patil,100.0,LIKELY SAME OWNER
P0230,M-8229,Neha Verma,Neha Verma,100.0,LIKELY SAME OWNER
P0231,M-8230,Priya Singh,Priya Singh,100.0,LIKELY SAME OWNER
P0232,M-8231,Rajesh Kumar,Rajesh Kumar,100.0,LIKELY SAME OWNER
P0233,M-8232,Priya Singh,Priya Singh,100.0,LIKELY SAME OWNER
P0234,M-8233,Mahesh Deshmukh,Mahesh Deshmukh,100.0,LIKELY SAME OWNER
P0235,M-8234,Rohit Kulkarni,Rohit Kulkarni,100.0,LIKELY SAME OWNER
P0236,M-8235,Mahesh Deshmukh,Mahesh Deshmukh,100.0,LIKELY SAME OWNER
P0237,M-8236,Anita Joshi,Anita Joshi,100.0,LIKELY SAME OWNER
P0238,M-8237,Anita Joshi,Anita Joshi,100.0,LIKELY SAME OWNER
P0239,M-8238,Amit Sharma,Amit Sharma,100.0,LIKELY SAME OWNER
P0240,M-8239,Suresh Patil,Suresh Patil,100.0,LIKELY SAME OWNER
P0241,M-8240,Priya Singh,Priya Singh,100.0,LIKELY SAME OWNER
P0242,M-8241,Sunita Pawar,Sunita Pawar,100.0,LIKELY SAME OWNER
P0243,M-8242,Rajesh Kumar,Rajesh Kumar,100.0,LIKELY SAME OWNER
P0244,M-8243,Suresh Patil,Suresh Patil,100.0,LIKELY SAME OWNER
P0245,M-8244,Amit Sharma,Amit Sharma,100.0,LIKELY SAME OWNER
P0246,M-8245,Sunita Pawar,Sunita Pawar,100.0,LIKELY SAME OWNER
P0247,M-8246,Rohit Kulkarni,Rohit Kulkarni,100.0,LIKELY SAME OWNER
P0248,M-8247,Sunita Pawar,Sunita Pawar,100.0,LIKELY SAME OWNER
P0249,M-8248,Amit Sharma,Amit Sharma,100.0,LIKELY SAME OWNER
P0250,M-8249,Rohit Kulkarni,Rohit Kulkarni,100.0,LIKELY SAME OWNER
P0251,M-8250,Priya Singh,Priya Singh,100.0,LIKELY SAME OWNER
P0252,M-8251,Sunita Pawar,Sunita Pawar,100.0,LIKELY SAME OWNER
P0253,M-8252,Priya Singh,Priya Singh,100.0,LIKELY SAME OWNER
P0254,M-8253,Rohit Kulkarni,Rohit Kulkarni,100.0,LIKELY SAME OWNER
P0255,M-8254,Neha Verma,Neha Verma,100.0,LIKELY SAME OWNER
P0256,M-8255,Neha Verma,Neha Verma,100.0,LIKELY SAME OWNER
P0257,M-8256,Vijay More,Vijay More,100.0,LIKELY SAME OWNER
P0258,M-8257,Amit Sharma,Amit Sharma,100.0,LIKELY SAME OWNER
P0259,M-8258,Priya Singh,Priya Singh,100.0,LIKELY SAME OWNER
P0260,M-8259,Amit Sharma,Amit Sharma,100.0,LIKELY SAME OWNER
P0261,M-8260,Suresh Patil,Suresh Patil,100.0,LIKELY SAME OWNER
P0262,M-8261,Anita Joshi,Anita Joshi,100.0,LIKELY SAME OWNER
P0263,M-8262,Sunita Pawar,Sunita Pawar,100.0,LIKELY SAME OWNER
P0264,M-8263,Anita Joshi,Anita Joshi,100.0,LIKELY SAME OWNER
P0265,M-8264,Priya Singh,Priya Singh,100.0,LIKELY SAME OWNER
P0266,M-8265,Anita Joshi,Anita Joshi,100.0,LIKELY SAME OWNER
P0267,M-8266,Mahesh Deshmukh,Mahesh Deshmukh,100.0,LIKELY SAME OWNER
P0268,M-8267,Rohit Kulkarni,Rohit Kulkarni,100.0,LIKELY SAME OWNER
P0269,M-8268,Vijay More,Vijay More,100.0,LIKELY SAME OWNER
P0270,M-8269,Anita Joshi,Anita Joshi,100.0,LIKELY SAME OWNER
P0271,M-8270,Sunita Pawar,Sunita Pawar,100.0,LIKELY SAME OWNER
P0272,M-8271,Rohit Kulkarni,Rohit Kulkarni,100.0,LIKELY SAME OWNER
P0273,M-8272,Neha Verma,Neha Verma,100.0,LIKELY SAME OWNER
P0274,M-8273,Rohit Kulkarni,Rohit Kulkarni,100.0,LIKELY SAME OWNER
P0275,M-8274,Anita Joshi,Anita Joshi,100.0,LIKELY SAME OWNER
P0276,M-8275,Anita Joshi,Anita Joshi,100.0,LIKELY SAME OWNER
P0277,M-8276,Rohit Kulkarni,Rohit Kulkarni,100.0,LIKELY SAME OWNER
P0278,M-8277,Mahesh Deshmukh,Mahesh Deshmukh,100.0,LIKELY SAME OWNER
P0279,M-8278,Anita Joshi,Anita Joshi,100.0,LIKELY SAME OWNER
P0280,M-8279,Suresh Patil,Suresh Patil,100.0,LIKELY SAME OWNER
P0281,M-8280,Amit Sharma,Amit Sharma,100.0,LIKELY SAME OWNER
P0282,M-8281,Amit Sharma,Amit Sharma,100.0,LIKELY SAME OWNER
P0283,M-8282,Neha Verma,Neha Verma,100.0,LIKELY SAME OWNER
P0284,M-8283,Vijay More,Vijay More,100.0,LIKELY SAME OWNER
P0285,M-8284,Rohit Kulkarni,Rohit Kulkarni,100.0,LIKELY SAME OWNER
P0286,M-8285,Vijay More,Vijay More,100.0,LIKELY SAME OWNER
P0287,M-8286,Neha Verma,Neha Verma,100.0,LIKELY SAME OWNER
P0288,M-8287,Neha Verma,Neha Verma,100.0,LIKELY SAME OWNER
P0289,M-8288,Rohit Kulkarni,Rohit Kulkarni,100.0,LIKELY SAME OWNER
P0290,M-8289,Sunita Pawar,Sunita Pawar,100.0,LIKELY SAME OWNER
P0291,M-8290,Vijay More,Vijay More,100.0,LIKELY SAME OWNER
P0292,M-8291,Suresh Patil,Suresh Patil,100.0,LIKELY SAME OWNER
P0293,M-8292,Rajesh Kumar,Rajesh Kumar,100.0,LIKELY SAME OWNER
P0294,M-8293,Priya Singh,Priya Singh,100.0,LIKELY SAME OWNER
P0295,M-8294,Mahesh Deshmukh,Mahesh Deshmukh,100.0,LIKELY SAME OWNER
P0296,M-8295,Priya Singh,Priya Singh,100.0,LIKELY SAME OWNER
P0297,M-8296,Rohit Kulkarni,Rohit Kulkarni,100.0,LIKELY SAME OWNER
P0298,M-8297,Mahesh Deshmukh,Mahesh Deshmukh,100.0,LIKELY SAME OWNER
P0299,M-8298,Rohit Kulkarni,Rohit Kulkarni,100.0,LIKELY SAME OWNER
P0300,M-8299,Vijay More,Vijay More,100.0,LIKELY SAME OWNER
P0301,M-8300,Mahesh Deshmukh,Mahesh Deshmukh,100.0,LIKELY SAME OWNER
P0302,M-8301,Amit Sharma,Amit Sharma,100.0,LIKELY SAME OWNER
P0303,M-8302,Suresh Patil,Suresh Patil,100.0,LIKELY SAME OWNER
P0304,M-8303,Neha Verma,Neha Verma,100.0,LIKELY SAME OWNER
P0305,M-8304,Anita Joshi,Anita Joshi,100.0,LIKELY SAME OWNER
P0306,M-8305,Suresh Patil,Suresh Patil,100.0,LIKELY SAME OWNER
P0307,M-8306,Suresh Patil,Suresh Patil,100.0,LIKELY SAME OWNER
P0308,M-8307,Mahesh Deshmukh,Mahesh Deshmukh,100.0,LIKELY SAME OWNER
P0309,M-8308,Mahesh Deshmukh,Mahesh Deshmukh,100.0,LIKELY SAME OWNER
P0310,M-8309,Vijay More,Vijay More,100.0,LIKELY SAME OWNER
P0311,M-8310,Vijay More,Vijay More,100.0,LIKELY SAME OWNER
P0312,M-8311,Sunita Pawar,Sunita Pawar,100.0,LIKELY SAME OWNER
P0313,M-8312,Rajesh Kumar,Rajesh Kumar,100.0,LIKELY SAME OWNER
P0314,M-8313,Rohit Kulkarni,Rohit Kulkarni,100.0,LIKELY SAME OWNER
P0315,M-8314,Anita Joshi,Anita Joshi,100.0,LIKELY SAME OWNER
P0316,M-8315,Rohit Kulkarni,Rohit Kulkarni,100.0,LIKELY SAME OWNER
P0317,M-8316,Anita Joshi,Anita Joshi,100.0,LIKELY SAME OWNER
P0318,M-8317,Sunita Pawar,Sunita Pawar,100.0,LIKELY SAME OWNER
P0319,M-8318,Mahesh Deshmukh,Mahesh Deshmukh,100.0,LIKELY SAME OWNER
P0320,M-8319,Rohit Kulkarni,Rohit Kulkarni,100.0,LIKELY SAME OWNER
P0321,M-8320,Mahesh Deshmukh,Mahesh Deshmukh,100.0,LIKELY SAME OWNER
P0322,M-8321,Vijay More,Vijay More,100.0,LIKELY SAME OWNER
P0323,M-8322,Suresh Patil,Suresh Patil,100.0,LIKELY SAME OWNER
P0324,M-8323,Rohit Kulkarni,Rohit Kulkarni,100.0,LIKELY SAME OWNER
P0325,M-8324,Rohit Kulkarni,Rohit Kulkarni,100.0,LIKELY SAME OWNER
P0326,M-8325,Vijay More,Vijay More,100.0,LIKELY SAME OWNER
P0327,M-8326,Rohit Kulkarni,Rohit Kulkarni,100.0,LIKELY SAME OWNER
P0328,M-8327,Amit Sharma,Amit Sharma,100.0,LIKELY SAME OWNER
P0329,M-8328,Priya Singh,Priya Singh,100.0,LIKELY SAME OWNER
P0330,M-8329,Neha Verma,Neha Verma,100.0,LIKELY SAME OWNER
P0331,M-8330,Neha Verma,Neha Verma,100.0,LIKELY SAME OWNER
P0332,M-8331,Sunita Pawar,Sunita Pawar,100.0,LIKELY SAME OWNER
P0333,M-8332,Sunita Pawar,Sunita Pawar,100.0,LIKELY SAME OWNER
P0334,M-8333,Suresh Patil,Suresh Patil,100.0,LIKELY SAME OWNER
P0335,M-8334,Anita Joshi,Anita Joshi,100.0,LIKELY SAME OWNER
P0336,M-8335,Sunita Pawar,Sunita Pawar,100.0,LIKELY SAME OWNER
P0337,M-8336,Rohit Kulkarni,Rohit Kulkarni,100.0,LIKELY SAME OWNER
P0338,M-8337,Rohit Kulkarni,Rohit Kulkarni,100.0,LIKELY SAME OWNER
P0339,M-8338,Suresh Patil,Suresh Patil,100.0,LIKELY SAME OWNER
P0340,M-8339,Priya Singh,Priya Singh,100.0,LIKELY SAME OWNER
P0341,M-8340,Priya Singh,Priya Singh,100.0,LIKELY SAME OWNER
P0342,M-8341,Mahesh Deshmukh,Mahesh Deshmukh,100.0,LIKELY SAME OWNER
P0343,M-8342,Rohit Kulkarni,Rohit Kulkarni,100.0,LIKELY SAME OWNER
P0344,M-8343,Anita Joshi,Anita Joshi,100.0,LIKELY SAME OWNER
P0345,M-8344,Vijay More,Vijay More,100.0,LIKELY SAME OWNER
P0346,M-8345,Neha Verma,Neha Verma,100.0,LIKELY SAME OWNER
P0347,M-8346,Neha Verma,Neha Verma,100.0,LIKELY SAME OWNER
P0348,M-8347,Suresh Patil,Suresh Patil,100.0,LIKELY SAME OWNER
P0349,M-8348,Vijay More,Vijay More,100.0,LIKELY SAME OWNER
P0350,M-8349,Sunita Pawar,Sunita Pawar,100.0,LIKELY SAME OWNER
P0351,M-8350,Priya Singh,Priya Singh,100.0,LIKELY SAME OWNER
P0352,M-8351,Rohit Kulkarni,Rohit Kulkarni,100.0,LIKELY SAME OWNER
P0353,M-8352,Mahesh Deshmukh,Mahesh Deshmukh,100.0,LIKELY SAME OWNER
P0354,M-8353,Suresh Patil,Suresh Patil,100.0,LIKELY SAME OWNER
P0355,M-8354,Neha Verma,Neha Verma,100.0,LIKELY SAME OWNER
P0356,M-8355,Vijay More,Vijay More,100.0,LIKELY SAME OWNER
P0357,M-8356,Neha Verma,Neha Verma,100.0,LIKELY SAME OWNER
P0358,M-8357,Sunita Pawar,Sunita Pawar,100.0,LIKELY SAME OWNER
P0359,M-8358,Neha Verma,Neha Verma,100.0,LIKELY SAME OWNER
P0360,M-8359,Rajesh Kumar,Rajesh Kumar,100.0,LIKELY SAME OWNER
P0361,M-8360,Amit Sharma,Amit Sharma,100.0,LIKELY SAME OWNER
P0362,M-8361,Suresh Patil,Suresh Patil,100.0,LIKELY SAME OWNER
P0363,M-8362,Mahesh Deshmukh,Mahesh Deshmukh,100.0,LIKELY SAME OWNER
P0364,M-8363,Rohit Kulkarni,Rohit Kulkarni,100.0,LIKELY SAME OWNER
P0365,M-8364,Rohit Kulkarni,Rohit Kulkarni,100.0,LIKELY SAME OWNER
P0366,M-8365,Amit Sharma,Amit Sharma,100.0,LIKELY SAME OWNER
P0367,M-8366,Neha Verma,Neha Verma,100.0,LIKELY SAME OWNER
P0368,M-8367,Suresh Patil,Suresh Patil,100.0,LIKELY SAME OWNER
P0369,M-8368,Anita Joshi,Anita Joshi,100.0,LIKELY SAME OWNER
P0370,M-8369,Suresh Patil,Suresh Patil,100.0,LIKELY SAME OWNER
P0371,M-8370,Amit Sharma,Amit Sharma,100.0,LIKELY SAME OWNER
P0372,M-8371,Mahesh Deshmukh,Mahesh Deshmukh,100.0,LIKELY SAME OWNER
P0373,M-8372,Suresh Patil,Suresh Patil,100.0,LIKELY SAME OWNER
P0374,M-8373,Suresh Patil,Suresh Patil,100.0,LIKELY SAME OWNER
P0375,M-8374,Mahesh Deshmukh,Mahesh Deshmukh,100.0,LIKELY SAME OWNER
P0376,M-8375,Sunita Pawar,Sunita Pawar,100.0,LIKELY SAME OWNER
P0377,M-8376,Rohit Kulkarni,Rohit Kulkarni,100.0,LIKELY SAME OWNER
P0378,M-8377,Neha Verma,Neha Verma,100.0,LIKELY SAME OWNER
P0379,M-8378,Neha Verma,Neha Verma,100.0,LIKELY SAME OWNER
P0380,M-8379,Mahesh Deshmukh,Mahesh Deshmukh,100.0,LIKELY SAME OWNER
P0381,M-8380,Priya Singh,Priya Singh,100.0,LIKELY SAME OWNER
P0382,M-8381,Neha Verma,Neha Verma,100.0,LIKELY SAME OWNER
P0383,M-8382,Amit Sharma,Amit Sharma,100.0,LIKELY SAME OWNER
P0384,M-8383,Amit Sharma,Amit Sharma,100.0,LIKELY SAME OWNER
P0385,M-8384,Amit Sharma,Amit Sharma,100.0,LIKELY SAME OWNER
P0386,M-8385,Anita Joshi,Anita Joshi,100.0,LIKELY SAME OWNER
P0387,M-8386,Mahesh Deshmukh,Mahesh Deshmukh,100.0,LIKELY SAME OWNER
P0388,M-8387,Neha Verma,Neha Verma,100.0,LIKELY SAME OWNER
P0389,M-8388,Priya Singh,Priya Singh,100.0,LIKELY SAME OWNER
P0390,M-8389,Neha Verma,Neha Verma,100.0,LIKELY SAME OWNER
P0391,M-8390,Suresh Patil,Suresh Patil,100.0,LIKELY SAME OWNER
P0392,M-8391,Neha Verma,Neha Verma,100.0,LIKELY SAME OWNER
P0393,M-8392,Anita Joshi,Anita Joshi,100.0,LIKELY SAME OWNER
P0394,M-8393,Sunita Pawar,Sunita Pawar,100.0,LIKELY SAME OWNER
P0395,M-8394,Amit Sharma,Amit Sharma,100.0,LIKELY SAME OWNER
P0396,M-8395,Amit Sharma,Amit Sharma,100.0,LIKELY SAME OWNER
P0397,M-8396,Rajesh Kumar,Rajesh Kumar,100.0,LIKELY SAME OWNER
P0398,M-8397,Neha Verma,Neha Verma,100.0,LIKELY SAME OWNER
P0399,M-8398,Rohit Kulkarni,Rohit Kulkarni,100.0,LIKELY SAME OWNER
P0400,M-8399,Rohit Kulkarni,Rohit Kulkarni,100.0,LIKELY SAME OWNER
P0401,M-8400,Anita Joshi,Anita Joshi,100.0,LIKELY SAME OWNER
P0402,M-8401,Sunita Pawar,Sunita Pawar,100.0,LIKELY SAME OWNER
P0403,M-8402,Rohit Kulkarni,Rohit Kulkarni,100.0,LIKELY SAME OWNER
P0404,M-8403,Mahesh Deshmukh,Mahesh Deshmukh,100.0,LIKELY SAME OWNER
P0405,M-8404,Anita Joshi,Anita Joshi,100.0,LIKELY SAME OWNER
P0406,M-8405,Mahesh Deshmukh,Mahesh Deshmukh,100.0,LIKELY SAME OWNER
P0407,M-8406,Rajesh Kumar,Rajesh Kumar,100.0,LIKELY SAME OWNER
P0408,M-8407,Priya Singh,Priya Singh,100.0,LIKELY SAME OWNER
P0409,M-8408,Neha Verma,Neha Verma,100.0,LIKELY SAME OWNER
P0410,M-8409,Amit Sharma,Amit Sharma,100.0,LIKELY SAME OWNER
P0411,M-8410,Sunita Pawar,Sunita Pawar,100.0,LIKELY SAME OWNER
P0412,M-8411,Neha Verma,Neha Verma,100.0,LIKELY SAME OWNER
P0413,M-8412,Mahesh Deshmukh,Mahesh Deshmukh,100.0,LIKELY SAME OWNER
P0414,M-8413,Rohit Kulkarni,Rohit Kulkarni,100.0,LIKELY SAME OWNER
P0415,M-8414,Rohit Kulkarni,Rohit Kulkarni,100.0,LIKELY SAME OWNER
P0416,M-8415,Anita Joshi,Anita Joshi,100.0,LIKELY SAME OWNER
P0417,M-8416,Vijay More,Vijay More,100.0,LIKELY SAME OWNER
P0418,M-8417,Amit Sharma,Amit Sharma,100.0,LIKELY SAME OWNER
P0419,M-8418,Anita Joshi,Anita Joshi,100.0,LIKELY SAME OWNER
P0420,M-8419,Neha Verma,Neha Verma,100.0,LIKELY SAME OWNER
P0421,M-8420,Sunita Pawar,Sunita Pawar,100.0,LIKELY SAME OWNER
P0422,M-8421,Rohit Kulkarni,Rohit Kulkarni,100.0,LIKELY SAME OWNER
P0423,M-8422,Vijay More,Vijay More,100.0,LIKELY SAME OWNER
P0424,M-8423,Vijay More,Vijay More,100.0,LIKELY SAME OWNER
P0425,M-8424,Anita Joshi,Anita Joshi,100.0,LIKELY SAME OWNER
P0426,M-8425,Sunita Pawar,Sunita Pawar,100.0,LIKELY SAME OWNER
P0427,M-8426,Anita Joshi,Anita Joshi,100.0,LIKELY SAME OWNER
P0428,M-8427,Priya Singh,Priya Singh,100.0,LIKELY SAME OWNER
P0429,M-8428,Mahesh Deshmukh,Mahesh Deshmukh,100.0,LIKELY SAME OWNER
P0430,M-8429,Rohit Kulkarni,Rohit Kulkarni,100.0,LIKELY SAME OWNER
P0431,M-8430,Priya Singh,Priya Singh,100.0,LIKELY SAME OWNER
P0432,M-8431,Sunita Pawar,Sunita Pawar,100.0,LIKELY SAME OWNER
P0433,M-8432,Neha Verma,Neha Verma,100.0,LIKELY SAME OWNER
P0434,M-8433,Rohit Kulkarni,Rohit Kulkarni,100.0,LIKELY SAME OWNER
P0435,M-8434,Rajesh Kumar,Rajesh Kumar,100.0,LIKELY SAME OWNER
P0436,M-8435,Amit Sharma,Amit Sharma,100.0,LIKELY SAME OWNER
P0437,M-8436,Sunita Pawar,Sunita Pawar,100.0,LIKELY SAME OWNER
P0438,M-8437,Sunita Pawar,Sunita Pawar,100.0,LIKELY SAME OWNER
P0439,M-8438,Suresh Patil,Suresh Patil,100.0,LIKELY SAME OWNER
P0440,M-8439,Suresh Patil,Suresh Patil,100.0,LIKELY SAME OWNER
P0441,M-8440,Suresh Patil,Suresh Patil,100.0,LIKELY SAME OWNER
P0442,M-8441,Rohit Kulkarni,Rohit Kulkarni,100.0,LIKELY SAME OWNER
P0443,M-8442,Sunita Pawar,Sunita Pawar,100.0,LIKELY SAME OWNER
P0444,M-8443,Anita Joshi,Anita Joshi,100.0,LIKELY SAME OWNER
P0445,M-8444,Rohit Kulkarni,Rohit Kulkarni,100.0,LIKELY SAME OWNER
P0446,M-8445,Rohit Kulkarni,Rohit Kulkarni,100.0,LIKELY SAME OWNER
P0447,M-8446,Anita Joshi,Anita Joshi,100.0,LIKELY SAME OWNER
P0448,M-8447,Mahesh Deshmukh,Mahesh Deshmukh,100.0,LIKELY SAME OWNER
P0449,M-8448,Suresh Patil,Suresh Patil,100.0,LIKELY SAME OWNER
P0450,M-8449,Anita Joshi,Anita Joshi,100.0,LIKELY SAME OWNER
P0451,M-8450,Sunita Pawar,Sunita Pawar,100.0,LIKELY SAME OWNER
P0452,M-8451,Rajesh Kumar,Rajesh Kumar,100.0,LIKELY SAME OWNER
P0453,M-8452,Neha Verma,Neha Verma,100.0,LIKELY SAME OWNER
P0454,M-8453,Amit Sharma,Amit Sharma,100.0,LIKELY SAME OWNER
P0455,M-8454,Sunita Pawar,Sunita Pawar,100.0,LIKELY SAME OWNER
P0456,M-8455,Vijay More,Vijay More,100.0,LIKELY SAME OWNER
P0457,M-8456,Sunita Pawar,Sunita Pawar,100.0,LIKELY SAME OWNER
P0458,M-8457,Rohit Kulkarni,Rohit Kulkarni,100.0,LIKELY SAME OWNER
P0459,M-8458,Priya Singh,Priya Singh,100.0,LIKELY SAME OWNER
P0460,M-8459,Mahesh Deshmukh,Mahesh Deshmukh,100.0,LIKELY SAME OWNER
P0461,M-8460,Priya Singh,Priya Singh,100.0,LIKELY SAME OWNER
P0462,M-8461,Rajesh Kumar,Rajesh Kumar,100.0,LIKELY SAME OWNER
P0463,M-8462,Rohit Kulkarni,Rohit Kulkarni,100.0,LIKELY SAME OWNER
P0464,M-8463,Anita Joshi,Anita Joshi,100.0,LIKELY SAME OWNER
P0465,M-8464,Rohit Kulkarni,Rohit Kulkarni,100.0,LIKELY SAME OWNER
P0466,M-8465,Amit Sharma,Amit Sharma,100.0,LIKELY SAME OWNER
P0467,M-8466,Suresh Patil,Suresh Patil,100.0,LIKELY SAME OWNER
P0468,M-8467,Suresh Patil,Suresh Patil,100.0,LIKELY SAME OWNER
P0469,M-8468,Rajesh Kumar,Rajesh Kumar,100.0,LIKELY SAME OWNER
P0470,M-8469,Anita Joshi,Anita Joshi,100.0,LIKELY SAME OWNER
P0471,M-8470,Suresh Patil,Suresh Patil,100.0,LIKELY SAME OWNER
P0472,M-8471,Neha Verma,Neha Verma,100.0,LIKELY SAME OWNER
P0473,M-8472,Mahesh Deshmukh,Mahesh Deshmukh,100.0,LIKELY SAME OWNER
P0474,M-8473,Suresh Patil,Suresh Patil,100.0,LIKELY SAME OWNER
P0475,M-8474,Sunita Pawar,Sunita Pawar,100.0,LIKELY SAME OWNER
P0476,M-8475,Vijay More,Vijay More,100.0,LIKELY SAME OWNER
P0477,M-8476,Sunita Pawar,Sunita Pawar,100.0,LIKELY SAME OWNER
P0478,M-8477,Mahesh Deshmukh,Mahesh Deshmukh,100.0,LIKELY SAME OWNER
P0479,M-8478,Priya Singh,Priya Singh,100.0,LIKELY SAME OWNER
P0480,M-8479,Priya Singh,Priya Singh,100.0,LIKELY SAME OWNER
P0481,M-8480,Anita Joshi,Anita Joshi,100.0,LIKELY SAME OWNER
P0482,M-8481,Suresh Patil,Suresh Patil,100.0,LIKELY SAME OWNER
P0483,M-8482,Amit Sharma,Amit Sharma,100.0,LIKELY SAME OWNER
P0484,M-8483,Rajesh Kumar,Rajesh Kumar,100.0,LIKELY SAME OWNER
P0485,M-8484,Vijay More,Vijay More,100.0,LIKELY SAME OWNER
P0486,M-8485,Neha Verma,Neha Verma,100.0,LIKELY SAME OWNER
P0487,M-8486,Vijay More,Vijay More,100.0,LIKELY SAME OWNER
P0488,M-8487,Amit Sharma,Amit Sharma,100.0,LIKELY SAME OWNER
P0489,M-8488,Sunita Pawar,Sunita Pawar,100.0,LIKELY SAME OWNER
P0490,M-8489,Mahesh Deshmukh,Mahesh Deshmukh,100.0,LIKELY SAME OWNER
P0491,M-8490,Amit Sharma,Amit Sharma,100.0,LIKELY SAME OWNER
P0492,M-8491,Suresh Patil,Suresh Patil,100.0,LIKELY SAME OWNER
P0493,M-8492,Mahesh Deshmukh,Mahesh Deshmukh,100.0,LIKELY SAME OWNER
P0494,M-8493,Rohit Kulkarni,Rohit Kulkarni,100.0,LIKELY SAME OWNER
P0495,M-8494,Priya Singh,Priya Singh,100.0,LIKELY SAME OWNER
P0496,M-8495,Neha Verma,Neha Verma,100.0,LIKELY SAME OWNER
P0497,M-8496,Neha Verma,Neha Verma,100.0,LIKELY SAME OWNER
P0498,M-8497,Rohit Kulkarni,Rohit Kulkarni,100.0,LIKELY SAME OWNER
P0499,M-8498,Sunita Pawar,Sunita Pawar,100.0,LIKELY SAME OWNER
P0500,M-8499,Suresh Patil,Suresh Patil,100.0,LIKELY SAME OWNER
