parcel_id,survey_no,cadastral_id,spatial_similarity,area_similarity,owner_similarity,identifier_similarity,confidence,status
P0001,SRV-1001,P0001,100.0,100.0,100.0,100.0,100.0,HIGH CONFIDENCE
P0002,SRV-1002,P0002,100.0,100.0,100.0,100.0,100.0,HIGH CONFIDENCE
P0003,SRV-1003,P0003,100.0,100.0,100.0,100.0,100.0,HIGH CONFIDENCE
P0004,SRV-1004,P0004,100.0,100.0,100.0,100.0,100.0,HIGH CONFIDENCE
P0005,SRV-1005,P0005,100.0,100.0,100.0,100.0,100.0,HIGH CONFIDENCE
P0006,SRV-1006,P0006,100.0,100.0,80.0,100.0,96.0,HIGH CONFIDENCE
P0007,SRV-1007,P0007,100.0,100.0,100.0,100.0,100.0,HIGH CONFIDENCE
P0008,SRV-1008,P0008,100.0,100.0,100.0,100.0,100.0,HIGH CONFIDENCE
P0009,SRV-1009,P0009,100.0,100.0,100.0,100.0,100.0,HIGH CONFIDENCE
P0010,SRV-1010,P0010,100.0,100.0,100.0,100.0,100.0,HIGH CONFIDENCE
P0011,SRV-1011,P0011,100.0,97.0,100.0,100.0,99.25,HIGH CONFIDENCE
P0012,SRV-1012,P0012,100.0,100.0,100.0,100.0,100.0,HIGH CONFIDENCE
P0013,SRV-1013,P0013,100.0,100.0,100.0,100.0,100.0,HIGH CONFIDENCE
P0014,SRV-1014,P0014,100.0,100.0,100.0,100.0,100.0,HIGH CONFIDENCE
P0015,SRV-1015,P0015,100.0,100.0,100.0,100.0,100.0,HIGH CONFIDENCE
P0016,SRV-1016,P0016,100.0,100.0,10.53,100.0,82.11,LIKELY MATCH
P0017,SRV-1017,P0017,100.0,100.0,100.0,100.0,100.0,HIGH CONFIDENCE
P0018,SRV-1018,P0018,100.0,100.0,100.0,100.0,100.0,HIGH CONFIDENCE
P0019,SRV-1019,P0019,100.0,100.0,100.0,100.0,100.0,HIGH CONFIDENCE
P0020,SRV-1020,P0020,100.0,100.0,100.0,100.0,100.0,HIGH CONFIDENCE
P0021,SRV-1021,P0021,100.0,100.0,100.0,100.0,100.0,HIGH CONFIDENCE
P0022,SRV-1022,P0022,100.0,100.0,100.0,100.0,100.0,HIGH CONFIDENCE
P0023,SRV-1023,P0023,100.0,100.0,100.0,100.0,100.0,HIGH CONFIDENCE
P0024,SRV-1024,P0024,100.0,100.0,100.0,100.0,100.0,HIGH CONFIDENCE
P0025,SRV-1025,P0025,100.0,100.0,100.0,100.0,100.0,HIGH CONFIDENCE
P0026,SRV-1026,P0026,100.0,97.0,100.0,100.0,99.25,HIGH CONFIDENCE
P0027,SRV-1027,P0027,100.0,100.0,100.0,100.0,100.0,HIGH CONFIDENCE
P0028,SRV-1028,P0028,100.0,100.0,100.0,100.0,100.0,HIGH CONFIDENCE
P0029,SRV-1029,P0029,100.0,100.0,100.0,100.0,100.0,HIGH CONFIDENCE
P0030,SRV-1030,P0030,100.0,100.0,100.0,100.0,100.0,HIGH CONFIDENCE
P0031,SRV-1031,P0031,100.0,100.0,100.0,100.0,100.0,HIGH CONFIDENCE
P0032,SRV-1032,P0032,100.0,100.0,100.0,100.0,100.0,HIGH CONFIDENCE
P0033,SRV-1033,P0033,100.0,100.0,100.0,100.0,100.0,HIGH CONFIDENCE
P0034,SRV-1034,P0034,100.0,100.0,100.0,100.0,100.0,HIGH CONFIDENCE
P0035,SRV-1035,P0035,100.0,100.0,100.0,100.0,100.0,HIGH CONFIDENCE
P0036,SRV-1036,P0036,100.0,100.0,33.33,100.0,86.67,LIKELY MATCH
P0037,SRV-1037,P0037,100.0,100.0,100.0,100.0,100.0,HIGH CONFIDENCE
P0038,SRV-1038,P0038,100.0,100.0,100.0,100.0,100.0,HIGH CONFIDENCE
P0039,SRV-1039,P0039,100.0,100.0,100.0,100.0,100.0,HIGH CONFIDENCE
P0040,SRV-1040,P0040,100.0,100.0,100.0,100.0,100.0,HIGH CONFIDENCE
P0041,SRV-1041,P0041,100.0,100.0,100.0,100.0,100.0,HIGH CONFIDENCE
P0042,SRV-1042,P0042,100.0,100.0,100.0,100.0,100.0,HIGH CONFIDENCE
P0043,SRV-1043,P0043,100.0,100.0,100.0,100.0,100.0,HIGH CONFIDENCE
P0044,SRV-1044,P0044,100.0,100.0,100.0,100.0,100.0,HIGH CONFIDENCE
P0045,SRV-1045,P0045,100.0,100.0,100.0,100.0,100.0,HIGH CONFIDENCE
P0046,SRV-1046,P0046,100.0,100.0,100.0,100.0,100.0,HIGH CONFIDENCE
P0047,SRV-1047,P0047,100.0,100.0,100.0,100.0,100.0,HIGH CONFIDENCE
P0048,SRV-1048,P0048,100.0,100.0,100.0,100.0,100.0,HIGH CONFIDENCE
P0049,SRV-1049,P0049,100.0,100.0,100.0,100.0,100.0,HIGH CONFIDENCE
P0050,SRV-1050,P0050,100.0,100.0,100.0,100.0,100.0,HIGH CONFIDENCE
P0051,SRV-1051,P0051,100.0,100.0,100.0,100.0,100.0,HIGH CONFIDENCE
P0052,SRV-1052,P0052,100.0,100.0,100.0,100.0,100.0,HIGH CONFIDENCE
P0053,SRV-1053,P0053,100.0,100.0,100.0,100.0,100.0,HIGH CONFIDENCE
P0054,SRV-1054,P0054,100.0,100.0,100.0,100.0,100.0,HIGH CONFIDENCE
P0055,SRV-1055,P0055,100.0,100.0,100.0,100.0,100.0,HIGH CONFIDENCE
P0056,SRV-1056,P0056,100.0,100.0,100.0,100.0,100.0,HIGH CONFIDENCE
P0057,SRV-1057,P0057,100.0,100.0,100.0,100.0,100.0,HIGH CONFIDENCE
P0058,SRV-1058,P0058,100.0,100.0,100.0,100.0,100.0,HIGH CONFIDENCE
P0059,SRV-1059,P0059,100.0,100.0,100.0,100.0,100.0,HIGH CONFIDENCE
P0060,SRV-1060,P0060,100.0,100.0,100.0,100.0,100.0,HIGH CONFIDENCE
P0061,SRV-1061,P0061,100.0,100.0,100.0,100.0,100.0,HIGH CONFIDENCE
P0062,SRV-1062,P0062,100.0,100.0,100.0,100.0,100.0,HIGH CONFIDENCE
P0063,SRV-1063,P0063,100.0,100.0,100.0,100.0,100.0,HIGH CONFIDENCE
P0064,SRV-1064,P0064,100.0,100.0,100.0,100.0,100.0,HIGH CONFIDENCE
P0065,SRV-1065,P0065,100.0,100.0,100.0,100.0,100.0,HIGH CONFIDENCE
P0066,SRV-1066,P0066,100.0,100.0,100.0,100.0,100.0,HIGH CONFIDENCE
P0067,SRV-1067,P0067,100.0,100.0,100.0,100.0,100.0,HIGH CONFIDENCE
P0068,SRV-1068,P0068,100.0,100.0,100.0,100.0,100.0,HIGH CONFIDENCE
P0069,SRV-1069,P0069,100.0,100.0,100.0,100.0,100.0,HIGH CONFIDENCE
P0070,SRV-1070,P0070,100.0,100.0,100.0,100.0,100.0,HIGH CONFIDENCE
P0071,SRV-1071,P0071,100.0,97.0,100.0,100.0,99.25,HIGH CONFIDENCE
P0072,SRV-1072,P0072,100.0,100.0,100.0,100.0,100.0,HIGH CONFIDENCE
P0073,SRV-1073,P0073,100.0,100.0,100.0,100.0,100.0,HIGH CONFIDENCE
P0074,SRV-1074,P0074,100.0,100.0,100.0,100.0,100.0,HIGH CONFIDENCE
P0075,SRV-1075,P0075,100.0,100.0,100.0,100.0,100.0,HIGH CONFIDENCE
P0076,SRV-1076,P0076,100.0,100.0,100.0,100.0,100.0,HIGH CONFIDENCE
P0077,SRV-1077,P0077,100.0,100.0,100.0,100.0,100.0,HIGH CONFIDENCE
P0078,SRV-1078,P0078,100.0,100.0,100.0,100.0,100.0,HIGH CONFIDENCE
P0079,SRV-1079,P0079,100.0,100.0,100.0,100.0,100.0,HIGH CONFIDENCE
P0080,SRV-1080,P0080,100.0,100.0,100.0,100.0,100.0,HIGH CONFIDENCE
P0081,SRV-1081,P0081,100.0,100.0,100.0,100.0,100.0,HIGH CONFIDENCE
P0082,SRV-1082,P0082,100.0,100.0,100.0,100.0,100.0,HIGH CONFIDENCE
P0083,SRV-1083,P0083,100.0,100.0,100.0,100.0,100.0,HIGH CONFIDENCE
P0084,SRV-1084,P0084,100.0,100.0,100.0,100.0,100.0,HIGH CONFIDENCE
P0085,SRV-1085,P0085,100.0,100.0,100.0,100.0,100.0,HIGH CONFIDENCE
P0086,SRV-1086,P0086,100.0,100.0,100.0,100.0,100.0,HIGH CONFIDENCE
P0087,SRV-1087,P0087,100.0,100.0,100.0,100.0,100.0,HIGH CONFIDENCE
P0088,SRV-1088,P0088,100.0,100.0,100.0,100.0,100.0,HIGH CONFIDENCE
P0089,SRV-1089,P0089,100.0,100.0,100.0,100.0,100.0,HIGH CONFIDENCE
P0090,SRV-1090,P0090,100.0,100.0,100.0,100.0,100.0,HIGH CONFIDENCE
P0091,SRV-1091,P0091,100.0,100.0,100.0,100.0,100.0,HIGH CONFIDENCE
P0092,SRV-1092,P0092,100.0,100.0,100.0,100.0,100.0,HIGH CONFIDENCE
P0093,SRV-1093,P0093,100.0,100.0,100.0,100.0,100.0,HIGH CONFIDENCE
P0094,SRV-1094,P0094,100.0,100.0,100.0,100.0,100.0,HIGH CONFIDENCE
P0095,SRV-1095,P0095,100.0,100.0,100.0,100.0,100.0,HIGH CONFIDENCE
P0096,SRV-1096,P0096,100.0,100.0,100.0,100.0,100.0,HIGH CONFIDENCE
P0097,SRV-1097,P0097,100.0,100.0,100.0,100.0,100.0,HIGH CONFIDENCE
P0098,SRV-1098,P0098,100.0,100.0,100.0,100.0,100.0,HIGH CONFIDENCE
P0099,SRV-1099,P0099,100.0,100.0,100.0,100.0,100.0,HIGH CONFIDENCE
P0100,SRV-1100,P0100,100.0,100.0,100.0,100.0,100.0,HIGH CONFIDENCE
P0101,SRV-1101,P0101,100.0,100.0,100.0,100.0,100.0,HIGH CONFIDENCE
P0102,SRV-1102,P0102,100.0,100.0,100.0,100.0,100.0,HIGH CONFIDENCE
P0103,SRV-1103,P0103,100.0,100.0,100.0,100.0,100.0,HIGH CONFIDENCE
P0104,SRV-1104,P0104,100.0,100.0,100.0,100.0,100.0,HIGH CONFIDENCE
P0105,SRV-1105,P0105,100.0,100.0,100.0,100.0,100.0,HIGH CONFIDENCE
P0106,SRV-1106,P0106,100.0,100.0,100.0,100.0,100.0,HIGH CONFIDENCE
P0107,SRV-1107,P0107,100.0,100.0,100.0,100.0,100.0,HIGH CONFIDENCE
P0108,SRV-1108,P0108,100.0,100.0,100.0,100.0,100.0,HIGH CONFIDENCE
P0109,SRV-1109,P0109,100.0,100.0,100.0,100.0,100.0,HIGH CONFIDENCE
P0110,SRV-1110,P0110,100.0,100.0,100.0,100.0,100.0,HIGH CONFIDENCE
P0111,SRV-1111,P0111,100.0,100.0,100.0,100.0,100.0,HIGH CONFIDENCE
P0112,SRV-1112,P0112,100.0,100.0,100.0,100.0,100.0,HIGH CONFIDENCE
P0113,SRV-1113,P0113,100.0,100.0,100.0,100.0,100.0,HIGH CONFIDENCE
P0114,SRV-1114,P0114,100.0,100.0,100.0,100.0,100.0,HIGH CONFIDENCE
P0115,SRV-1115,P0115,100.0,100.0,100.0,100.0,100.0,HIGH CONFIDENCE
P0116,SRV-1116,P0116,100.0,100.0,100.0,100.0,100.0,HIGH CONFIDENCE
P0117,SRV-1117,P0117,100.0,100.0,100.0,100.0,100.0,HIGH CONFIDENCE
P0118,SRV-1118,P0118,100.0,100.0,100.0,100.0,100.0,HIGH CONFIDENCE
P0119,SRV-1119,P0119,100.0,100.0,100.0,100.0,100.0,HIGH CONFIDENCE
P0120,SRV-1120,P0120,100.0,100.0,100.0,100.0,100.0,HIGH CONFIDENCE
P0121,SRV-1121,P0121,100.0,97.0,100.0,100.0,99.25,HIGH CONFIDENCE
P0122,SRV-1122,P0122,100.0,100.0,100.0,100.0,100.0,HIGH CONFIDENCE
P0123,SRV-1123,P0123,100.0,100.0,100.0,100.0,100.0,HIGH CONFIDENCE
P0124,SRV-1124,P0124,100.0,100.0,100.0,100.0,100.0,HIGH CONFIDENCE
P0125,SRV-1125,P0125,100.0,100.0,100.0,100.0,100.0,HIGH CONFIDENCE
P0126,SRV-1126,P0126,100.0,100.0,100.0,100.0,100.0,HIGH CONFIDENCE
P0127,SRV-1127,P0127,100.0,100.0,100.0,100.0,100.0,HIGH CONFIDENCE
P0128,SRV-1128,P0128,100.0,100.0,100.0,100.0,100.0,HIGH CONFIDENCE
P0129,SRV-1129,P0129,100.0,100.0,100.0,100.0,100.0,HIGH CONFIDENCE
P0130,SRV-1130,P0130,100.0,100.0,100.0,100.0,100.0,HIGH CONFIDENCE
P0131,SRV-1131,P0131,100.0,100.0,100.0,100.0,100.0,HIGH CONFIDENCE
P0132,SRV-1132,P0132,100.0,100.0,100.0,100.0,100.0,HIGH CONFIDENCE
P0133,SRV-1133,P0133,100.0,100.0,100.0,100.0,100.0,HIGH CONFIDENCE
P0134,SRV-1134,P0134,100.0,100.0,100.0,100.0,100.0,HIGH CONFIDENCE
P0135,SRV-1135,P0135,100.0,100.0,100.0,100.0,100.0,HIGH CONFIDENCE
P0136,SRV-1136,P0136,100.0,100.0,100.0,100.0,100.0,HIGH CONFIDENCE
P0137,SRV-1137,P0137,100.0,100.0,100.0,100.0,100.0,HIGH CONFIDENCE
P0138,SRV-1138,P0138,100.0,100.0,100.0,100.0,100.0,HIGH CONFIDENCE
P0139,SRV-1139,P0139,100.0,100.0,100.0,100.0,100.0,HIGH CONFIDENCE
P0140,SRV-1140,P0140,100.0,100.0,100.0,100.0,100.0,HIGH CONFIDENCE
P0141,SRV-1141,P0141,100.0,100.0,100.0,100.0,100.0,HIGH CONFIDENCE
P0142,SRV-1142,P0142,100.0,100.0,100.0,100.0,100.0,HIGH CONFIDENCE
P0143,SRV-1143,P0143,100.0,100.0,100.0,100.0,100.0,HIGH CONFIDENCE
P0144,SRV-1144,P0144,100.0,100.0,100.0,100.0,100.0,HIGH CONFIDENCE
P0145,SRV-1145,P0145,100.0,100.0,100.0,100.0,100.0,HIGH CONFIDENCE
P0146,SRV-1146,P0146,100.0,100.0,100.0,100.0,100.0,HIGH CONFIDENCE
P0147,SRV-1147,P0147,100.0,100.0,100.0,100.0,100.0,HIGH CONFIDENCE
P0148,SRV-1148,P0148,100.0,100.0,100.0,100.0,100.0,HIGH CONFIDENCE
P0149,SRV-1149,P0149,100.0,100.0,100.0,100.0,100.0,HIGH CONFIDENCE
P0150,SRV-1150,P0150,100.0,100.0,100.0,100.0,100.0,HIGH CONFIDENCE
P0151,SRV-1151,P0151,100.0,100.0,100.0,100.0,100.0,HIGH CONFIDENCE
P0152,SRV-1152,P0152,100.0,100.0,100.0,100.0,100.0,HIGH CONFIDENCE
P0153,SRV-1153,P0153,100.0,100.0,100.0,100.0,100.0,HIGH CONFIDENCE
P0154,SRV-1154,P0154,100.0,100.0,100.0,100.0,100.0,HIGH CONFIDENCE
P0155,SRV-1155,P0155,100.0,100.0,100.0,100.0,100.0,HIGH CONFIDENCE
P0156,SRV-1156,P0156,100.0,100.0,100.0,100.0,100.0,HIGH CONFIDENCE
P0157,SRV-1157,P0157,100.0,100.0,100.0,100.0,100.0,HIGH CONFIDENCE
P0158,SRV-1158,P0158,100.0,100.0,100.0,100.0,100.0,HIGH CONFIDENCE
P0159,SRV-1159,P0159,100.0,100.0,100.0,100.0,100.0,HIGH CONFIDENCE
P0160,SRV-1160,P0160,100.0,100.0,100.0,100.0,100.0,HIGH CONFIDENCE
P0161,SRV-1161,P0161,100.0,100.0,100.0,100.0,100.0,HIGH CONFIDENCE
P0162,SRV-1162,P0162,100.0,100.0,100.0,100.0,100.0,HIGH CONFIDENCE
P0163,SRV-1163,P0163,100.0,100.0,100.0,100.0,100.0,HIGH CONFIDENCE
P0164,SRV-1164,P0164,100.0,100.0,100.0,100.0,100.0,HIGH CONFIDENCE
P0165,SRV-1165,P0165,100.0,100.0,100.0,100.0,100.0,HIGH CONFIDENCE
P0166,SRV-1166,P0166,100.0,100.0,100.0,100.0,100.0,HIGH CONFIDENCE
P0167,SRV-1167,P0167,100.0,100.0,100.0,100.0,100.0,HIGH CONFIDENCE
P0168,SRV-1168,P0168,100.0,100.0,100.0,100.0,100.0,HIGH CONFIDENCE
P0169,SRV-1169,P0169,100.0,100.0,100.0,100.0,100.0,HIGH CONFIDENCE
P0170,SRV-1170,P0170,100.0,100.0,100.0,100.0,100.0,HIGH CONFIDENCE
P0171,SRV-1171,P0171,100.0,100.0,100.0,100.0,100.0,HIGH CONFIDENCE
P0172,SRV-1172,P0172,100.0,100.0,100.0,100.0,100.0,HIGH CONFIDENCE
P0173,SRV-1173,P0173,100.0,100.0,100.0,100.0,100.0,HIGH CONFIDENCE
P0174,SRV-1174,P0174,100.0,100.0,100.0,100.0,100.0,HIGH CONFIDENCE
P0175,SRV-1175,P0175,100.0,100.0,100.0,100.0,100.0,HIGH CONFIDENCE
P0176,SRV-1176,P0176,100.0,100.0,100.0,100.0,100.0,HIGH CONFIDENCE
P0177,SRV-1177,P0177,100.0,100.0,100.0,100.0,100.0,HIGH CONFIDENCE
P0178,SRV-1178,P0178,100.0,100.0,100.0,100.0,100.0,HIGH CONFIDENCE
P0179,SRV-1179,P0179,100.0,100.0,100.0,100.0,100.0,HIGH CONFIDENCE
P0180,SRV-1180,P0180,100.0,100.0,100.0,100.0,100.0,HIGH CONFIDENCE
P0181,SRV-1181,P0181,100.0,100.0,100.0,100.0,100.0,HIGH CONFIDENCE
P0182,SRV-1182,P0182,100.0,100.0,100.0,100.0,100.0,HIGH CONFIDENCE
P0183,SRV-1183,P0183,100.0,100.0,100.0,100.0,100.0,HIGH CONFIDENCE
P0184,SRV-1184,P0184,100.0,100.0,100.0,100.0,100.0,HIGH CONFIDENCE
P0185,SRV-1185,P0185,100.0,100.0,100.0,100.0,100.0,HIGH CONFIDENCE
P0186,SRV-1186,P0186,100.0,100.0,100.0,100.0,100.0,HIGH CONFIDENCE
P0187,SRV-1187,P0187,100.0,100.0,100.0,100.0,100.0,HIGH CONFIDENCE
P0188,SRV-1188,P0188,100.0,100.0,100.0,100.0,100.0,HIGH CONFIDENCE
P0189,SRV-1189,P0189,100.0,100.0,100.0,100.0,100.0,HIGH CONFIDENCE
P0190,SRV-1190,P0190,100.0,100.0,100.0,100.0,100.0,HIGH CONFIDENCE
P0191,SRV-1191,P0191,100.0,100.0,100.0,100.0,100.0,HIGH CONFIDENCE
P0192,SRV-1192,P0192,100.0,100.0,100.0,100.0,100.0,HIGH CONFIDENCE
P0193,SRV-1193,P0193,100.0,100.0,100.0,100.0,100.0,HIGH CONFIDENCE
P0194,SRV-1194,P0194,100.0,100.0,100.0,100.0,100.0,HIGH CONFIDENCE
P0195,SRV-1195,P0195,100.0,100.0,100.0,100.0,100.0,HIGH CONFIDENCE
P0196,SRV-1196,P0196,100.0,100.0,100.0,100.0,100.0,HIGH CONFIDENCE
P0197,SRV-1197,P0197,100.0,100.0,100.0,100.0,100.0,HIGH CONFIDENCE
P0198,SRV-1198,P0198,100.0,100.0,100.0,100.0,100.0,HIGH CONFIDENCE
P0199,SRV-1199,P0199,100.0,100.0,100.0,100.0,100.0,HIGH CONFIDENCE
P0200,SRV-1200,P0200,100.0,100.0,100.0,100.0,100.0,HIGH CONFIDENCE
P0201,SRV-1201,P0201,100.0,97.0,100.0,100.0,99.25,HIGH CONFIDENCE
P0202,SRV-1202,P0202,100.0,100.0,100.0,100.0,100.0,HIGH CONFIDENCE
P0203,SRV-1203,P0203,100.0,100.0,100.0,100.0,100.0,HIGH CONFIDENCE
P0204,SRV-1204,P0204,100.0,100.0,100.0,100.0,100.0,HIGH CONFIDENCE
P0205,SRV-1205,P0205,100.0,100.0,100.0,100.0,100.0,HIGH CONFIDENCE
P0206,SRV-1206,P0206,100.0,100.0,100.0,100.0,100.0,HIGH CONFIDENCE
P0207,SRV-1207,P0207,100.0,100.0,100.0,100.0,100.0,HIGH CONFIDENCE
P0208,SRV-1208,P0208,100.0,100.0,100.0,100.0,100.0,HIGH CONFIDENCE
P0209,SRV-1209,P0209,100.0,100.0,100.0,100.0,100.0,HIGH CONFIDENCE
P0210,SRV-1210,P0210,100.0,100.0,100.0,100.0,100.0,HIGH CONFIDENCE
P0211,SRV-1211,P0211,100.0,100.0,100.0,100.0,100.0,HIGH CONFIDENCE
P0212,SRV-1212,P0212,100.0,100.0,100.0,100.0,100.0,HIGH CONFIDENCE
P0213,SRV-1213,P0213,100.0,100.0,100.0,100.0,100.0,HIGH CONFIDENCE
P0214,SRV-1214,P0214,100.0,100.0,100.0,100.0,100.0,HIGH CONFIDENCE
P0215,SRV-1215,P0215,100.0,100.0,100.0,100.0,100.0,HIGH CONFIDENCE
P0216,SRV-1216,P0216,100.0,100.0,100.0,100.0,100.0,HIGH CONFIDENCE
P0217,SRV-1217,P0217,100.0,100.0,100.0,100.0,100.0,HIGH CONFIDENCE
P0218,SRV-1218,P0218,100.0,100.0,100.0,100.0,100.0,HIGH CONFIDENCE
P0219,SRV-1219,P0219,100.0,100.0,100.0,100.0,100.0,HIGH CONFIDENCE
P0220,SRV-1220,P0220,100.0,100.0,100.0,100.0,100.0,HIGH CONFIDENCE
P0221,SRV-1221,P0221,100.0,100.0,100.0,100.0,100.0,HIGH CONFIDENCE
P0222,SRV-1222,P0222,100.0,100.0,100.0,100.0,100.0,HIGH CONFIDENCE
P0223,SRV-1223,P0223,100.0,100.0,100.0,100.0,100.0,HIGH CONFIDENCE
P0224,SRV-1224,P0224,100.0,100.0,100.0,100.0,100.0,HIGH CONFIDENCE
P0225,SRV-1225,P0225,100.0,100.0,100.0,100.0,100.0,HIGH CONFIDENCE
P0226,SRV-1226,P0226,100.0,100.0,100.0,100.0,100.0,HIGH CONFIDENCE
P0227,SRV-1227,P0227,100.0,100.0,100.0,100.0,100.0,HIGH CONFIDENCE
P0228,SRV-1228,P0228,100.0,100.0,100.0,100.0,100.0,HIGH CONFIDENCE
P0229,SRV-1229,P0229,100.0,100.0,100.0,100.0,100.0,HIGH CONFIDENCE
P0230,SRV-1230,P0230,100.0,100.0,100.0,100.0,100.0,HIGH CONFIDENCE
P0231,SRV-1231,P0231,100.0,100.0,100.0,100.0,100.0,HIGH CONFIDENCE
P0232,SRV-1232,P0232,100.0,100.0,100.0,100.0,100.0,HIGH CONFIDENCE
P0233,SRV-1233,P0233,100.0,100.0,100.0,100.0,100.0,HIGH CONFIDENCE
P0234,SRV-1234,P0234,100.0,100.0,100.0,100.0,100.0,HIGH CONFIDENCE
P0235,SRV-1235,P0235,100.0,100.0,100.0,100.0,100.0,HIGH CONFIDENCE
P0236,SRV-1236,P0236,100.0,100.0,100.0,100.0,100.0,HIGH CONFIDENCE
P0237,SRV-1237,P0237,100.0,100.0,100.0,100.0,100.0,HIGH CONFIDENCE
P0238,SRV-1238,P0238,100.0,100.0,100.0,100.0,100.0,HIGH CONFIDENCE
P0239,SRV-1239,P0239,100.0,100.0,100.0,100.0,100.0,HIGH CONFIDENCE
P0240,SRV-1240,P0240,100.0,100.0,100.0,100.0,100.0,HIGH CONFIDENCE
P0241,SRV-1241,P0241,100.0,100.0,100.0,100.0,100.0,HIGH CONFIDENCE
P0242,SRV-1242,P0242,100.0,100.0,100.0,100.0,100.0,HIGH CONFIDENCE
P0243,SRV-1243,P0243,100.0,100.0,100.0,100.0,100.0,HIGH CONFIDENCE
P0244,SRV-1244,P0244,100.0,100.0,100.0,100.0,100.0,HIGH CONFIDENCE
P0245,SRV-1245,P0245,100.0,100.0,100.0,100.0,100.0,HIGH CONFIDENCE
P0246,SRV-1246,P0246,100.0,100.0,100.0,100.0,100.0,HIGH CONFIDENCE
P0247,SRV-1247,P0247,100.0,100.0,100.0,100.0,100.0,HIGH CONFIDENCE
P0248,SRV-1248,P0248,100.0,100.0,100.0,100.0,100.0,HIGH CONFIDENCE
P0249,SRV-1249,P0249,100.0,100.0,100.0,100.0,100.0,HIGH CONFIDENCE
P0250,SRV-1250,P0250,100.0,100.0,100.0,100.0,100.0,HIGH CONFIDENCE
P0251,SRV-1251,P0251,100.0,100.0,100.0,100.0,100.0,HIGH CONFIDENCE
P0252,SRV-1252,P0252,100.0,100.0,100.0,100.0,100.0,HIGH CONFIDENCE
P0253,SRV-1253,P0253,100.0,100.0,100.0,100.0,100.0,HIGH CONFIDENCE
P0254,SRV-1254,P0254,100.0,100.0,100.0,100.0,100.0,HIGH CONFIDENCE
P0255,SRV-1255,P0255,100.0,100.0,100.0,100.0,100.0,HIGH CONFIDENCE
P0256,SRV-1256,P0256,100.0,100.0,100.0,100.0,100.0,HIGH CONFIDENCE
P0257,SRV-1257,P0257,100.0,100.0,100.0,100.0,100.0,HIGH CONFIDENCE
P0258,SRV-1258,P0258,100.0,100.0,100.0,100.0,100.0,HIGH CONFIDENCE
P0259,SRV-1259,P0259,100.0,100.0,100.0,100.0,100.0,HIGH CONFIDENCE
P0260,SRV-1260,P0260,100.0,100.0,100.0,100.0,100.0,HIGH CONFIDENCE
P0261,SRV-1261,P0261,100.0,100.0,100.0,100.0,100.0,HIGH CONFIDENCE
P0262,SRV-1262,P0262,100.0,100.0,100.0,100.0,100.0,HIGH CONFIDENCE
P0263,SRV-1263,P0263,100.0,100.0,100.0,100.0,100.0,HIGH CONFIDENCE
P0264,SRV-1264,P0264,100.0,100.0,100.0,100.0,100.0,HIGH CONFIDENCE
P0265,SRV-1265,P0265,100.0,100.0,100.0,100.0,100.0,HIGH CONFIDENCE
P0266,SRV-1266,P0266,100.0,100.0,100.0,100.0,100.0,HIGH CONFIDENCE
P0267,SRV-1267,P0267,100.0,100.0,100.0,100.0,100.0,HIGH CONFIDENCE
P0268,SRV-1268,P0268,100.0,100.0,100.0,100.0,100.0,HIGH CONFIDENCE
P0269,SRV-1269,P0269,100.0,100.0,100.0,100.0,100.0,HIGH CONFIDENCE
P0270,SRV-1270,P0270,100.0,100.0,100.0,100.0,100.0,HIGH CONFIDENCE
P0271,SRV-1271,P0271,100.0,100.0,100.0,100.0,100.0,HIGH CONFIDENCE
P0272,SRV-1272,P0272,100.0,100.0,100.0,100.0,100.0,HIGH CONFIDENCE
P0273,SRV-1273,P0273,100.0,100.0,100.0,100.0,100.0,HIGH CONFIDENCE
P0274,SRV-1274,P0274,100.0,100.0,100.0,100.0,100.0,HIGH CONFIDENCE
P0275,SRV-1275,P0275,100.0,100.0,100.0,100.0,100.0,HIGH CONFIDENCE
P0276,SRV-1276,P0276,100.0,100.0,100.0,100.0,100.0,HIGH CONFIDENCE
P0277,SRV-1277,P0277,100.0,100.0,100.0,100.0,100.0,HIGH CONFIDENCE
P0278,SRV-1278,P0278,100.0,100.0,100.0,100.0,100.0,HIGH CONFIDENCE
P0279,SRV-1279,P0279,100.0,100.0,100.0,100.0,100.0,HIGH CONFIDENCE
P0280,SRV-1280,P0280,100.0,100.0,100.0,100.0,100.0,HIGH CONFIDENCE
P0281,SRV-1281,P0281,100.0,100.0,100.0,100.0,100.0,HIGH CONFIDENCE
P0282,SRV-1282,P0282,100.0,100.0,100.0,100.0,100.0,HIGH CONFIDENCE
P0283,SRV-1283,P0283,100.0,100.0,100.0,100.0,100.0,HIGH CONFIDENCE
P0284,SRV-1284,P0284,100.0,100.0,100.0,100.0,100.0,HIGH CONFIDENCE
P0285,SRV-1285,P0285,100.0,100.0,100.0,100.0,100.0,HIGH CONFIDENCE
P0286,SRV-1286,P0286,100.0,100.0,100.0,100.0,100.0,HIGH CONFIDENCE
P0287,SRV-1287,P0287,100.0,100.0,100.0,100.0,100.0,HIGH CONFIDENCE
P0288,SRV-1288,P0288,100.0,100.0,100.0,100.0,100.0,HIGH CONFIDENCE
P0289,SRV-1289,P0289,100.0,100.0,100.0,100.0,100.0,HIGH CONFIDENCE
P0290,SRV-1290,P0290,100.0,100.0,100.0,100.0,100.0,HIGH CONFIDENCE
P0291,SRV-1291,P0291,100.0,100.0,100.0,100.0,100.0,HIGH CONFIDENCE
P0292,SRV-1292,P0292,100.0,100.0,100.0,100.0,100.0,HIGH CONFIDENCE
P0293,SRV-1293,P0293,100.0,100.0,100.0,100.0,100.0,HIGH CONFIDENCE
P0294,SRV-1294,P0294,100.0,100.0,100.0,100.0,100.0,HIGH CONFIDENCE
P0295,SRV-1295,P0295,100.0,100.0,100.0,100.0,100.0,HIGH CONFIDENCE
P0296,SRV-1296,P0296,100.0,100.0,100.0,100.0,100.0,HIGH CONFIDENCE
P0297,SRV-1297,P0297,100.0,100.0,100.0,100.0,100.0,HIGH CONFIDENCE
P0298,SRV-1298,P0298,100.0,100.0,100.0,100.0,100.0,HIGH CONFIDENCE
P0299,SRV-1299,P0299,100.0,100.0,100.0,100.0,100.0,HIGH CONFIDENCE
P0300,SRV-1300,P0300,100.0,100.0,100.0,100.0,100.0,HIGH CONFIDENCE
P0301,SRV-1301,P0301,100.0,100.0,100.0,100.0,100.0,HIGH CONFIDENCE
P0302,SRV-1302,P0302,100.0,100.0,100.0,100.0,100.0,HIGH CONFIDENCE
P0303,SRV-1303,P0303,100.0,100.0,100.0,100.0,100.0,HIGH CONFIDENCE
P0304,SRV-1304,P0304,100.0,100.0,100.0,100.0,100.0,HIGH CONFIDENCE
P0305,SRV-1305,P0305,100.0,100.0,100.0,100.0,100.0,HIGH CONFIDENCE
P0306,SRV-1306,P0306,100.0,100.0,100.0,100.0,100.0,HIGH CONFIDENCE
P0307,SRV-1307,P0307,100.0,100.0,100.0,100.0,100.0,HIGH CONFIDENCE
P0308,SRV-1308,P0308,100.0,100.0,100.0,100.0,100.0,HIGH CONFIDENCE
P0309,SRV-1309,P0309,100.0,100.0,100.0,100.0,100.0,HIGH CONFIDENCE
P0310,SRV-1310,P0310,100.0,100.0,100.0,100.0,100.0,HIGH CONFIDENCE
P0311,SRV-1311,P0311,100.0,100.0,100.0,100.0,100.0,HIGH CONFIDENCE
P0312,SRV-1312,P0312,100.0,100.0,100.0,100.0,100.0,HIGH CONFIDENCE
P0313,SRV-1313,P0313,100.0,100.0,100.0,100.0,100.0,HIGH CONFIDENCE
P0314,SRV-1314,P0314,100.0,100.0,100.0,100.0,100.0,HIGH CONFIDENCE
P0315,SRV-1315,P0315,100.0,100.0,100.0,100.0,100.0,HIGH CONFIDENCE
P0316,SRV-1316,P0316,100.0,100.0,100.0,100.0,100.0,HIGH CONFIDENCE
P0317,SRV-1317,P0317,100.0,100.0,100.0,100.0,100.0,HIGH CONFIDENCE
P0318,SRV-1318,P0318,100.0,100.0,100.0,100.0,100.0,HIGH CONFIDENCE
P0319,SRV-1319,P0319,100.0,100.0,100.0,100.0,100.0,HIGH CONFIDENCE
P0320,SRV-1320,P0320,100.0,100.0,100.0,100.0,100.0,HIGH CONFIDENCE
P0321,SRV-1321,P0321,100.0,100.0,100.0,100.0,100.0,HIGH CONFIDENCE
P0322,SRV-1322,P0322,100.0,100.0,100.0,100.0,100.0,HIGH CONFIDENCE
P0323,SRV-1323,P0323,100.0,100.0,100.0,100.0,100.0,HIGH CONFIDENCE
P0324,SRV-1324,P0324,100.0,100.0,100.0,100.0,100.0,HIGH CONFIDENCE
P0325,SRV-1325,P0325,100.0,100.0,100.0,100.0,100.0,HIGH CONFIDENCE
P0326,SRV-1326,P0326,100.0,100.0,100.0,100.0,100.0,HIGH CONFIDENCE
P0327,SRV-1327,P0327,100.0,100.0,100.0,100.0,100.0,HIGH CONFIDENCE
P0328,SRV-1328,P0328,100.0,100.0,100.0,100.0,100.0,HIGH CONFIDENCE
P0329,SRV-1329,P0329,100.0,100.0,100.0,100.0,100.0,HIGH CONFIDENCE
P0330,SRV-1330,P0330,100.0,100.0,100.0,100.0,100.0,HIGH CONFIDENCE
P0331,SRV-1331,P0331,100.0,100.0,100.0,100.0,100.0,HIGH CONFIDENCE
P0332,SRV-1332,P0332,100.0,100.0,100.0,100.0,100.0,HIGH CONFIDENCE
P0333,SRV-1333,P0333,100.0,100.0,100.0,100.0,100.0,HIGH CONFIDENCE
P0334,SRV-1334,P0334,100.0,100.0,100.0,100.0,100.0,HIGH CONFIDENCE
P0335,SRV-1335,P0335,100.0,100.0,100.0,100.0,100.0,HIGH CONFIDENCE
P0336,SRV-1336,P0336,100.0,100.0,100.0,100.0,100.0,HIGH CONFIDENCE
P0337,SRV-1337,P0337,100.0,100.0,100.0,100.0,100.0,HIGH CONFIDENCE
P0338,SRV-1338,P0338,100.0,100.0,100.0,100.0,100.0,HIGH CONFIDENCE
P0339,SRV-1339,P0339,100.0,100.0,100.0,100.0,100.0,HIGH CONFIDENCE
P0340,SRV-1340,P0340,100.0,100.0,100.0,100.0,100.0,HIGH CONFIDENCE
P0341,SRV-1341,P0341,100.0,100.0,100.0,100.0,100.0,HIGH CONFIDENCE
P0342,SRV-1342,P0342,100.0,100.0,100.0,100.0,100.0,HIGH CONFIDENCE
P0343,SRV-1343,P0343,100.0,100.0,100.0,100.0,100.0,HIGH CONFIDENCE
P0344,SRV-1344,P0344,100.0,100.0,100.0,100.0,100.0,HIGH CONFIDENCE
P0345,SRV-1345,P0345,100.0,100.0,100.0,100.0,100.0,HIGH CONFIDENCE
P0346,SRV-1346,P0346,100.0,100.0,100.0,100.0,100.0,HIGH CONFIDENCE
P0347,SRV-1347,P0347,100.0,100.0,100.0,100.0,100.0,HIGH CONFIDENCE
P0348,SRV-1348,P0348,100.0,100.0,100.0,100.0,100.0,HIGH CONFIDENCE
P0349,SRV-1349,P0349,100.0,100.0,100.0,100.0,100.0,HIGH CONFIDENCE
P0350,SRV-1350,P0350,100.0,100.0,100.0,100.0,100.0,HIGH CONFIDENCE
P0351,SRV-1351,P0351,100.0,100.0,100.0,100.0,100.0,HIGH CONFIDENCE
P0352,SRV-1352,P0352,100.0,100.0,100.0,100.0,100.0,HIGH CONFIDENCE
P0353,SRV-1353,P0353,100.0,100.0,100.0,100.0,100.0,HIGH CONFIDENCE
P0354,SRV-1354,P0354,100.0,100.0,100.0,100.0,100.0,HIGH CONFIDENCE
P0355,SRV-1355,P0355,100.0,100.0,100.0,100.0,100.0,HIGH CONFIDENCE
P0356,SRV-1356,P0356,100.0,100.0,100.0,100.0,100.0,HIGH CONFIDENCE
P0357,SRV-1357,P0357,100.0,100.0,100.0,100.0,100.0,HIGH CONFIDENCE
P0358,SRV-1358,P0358,100.0,100.0,100.0,100.0,100.0,HIGH CONFIDENCE
P0359,SRV-1359,P0359,100.0,100.0,100.0,100.0,100.0,HIGH CONFIDENCE
P0360,SRV-1360,P0360,100.0,100.0,100.0,100.0,100.0,HIGH CONFIDENCE
P0361,SRV-1361,P0361,100.0,100.0,100.0,100.0,100.0,HIGH CONFIDENCE
P0362,SRV-1362,P0362,100.0,100.0,100.0,100.0,100.0,HIGH CONFIDENCE
P0363,SRV-1363,P0363,100.0,100.0,100.0,100.0,100.0,HIGH CONFIDENCE
P0364,SRV-1364,P0364,100.0,100.0,100.0,100.0,100.0,HIGH CONFIDENCE
P0365,SRV-1365,P0365,100.0,100.0,100.0,100.0,100.0,HIGH CONFIDENCE
P0366,SRV-1366,P0366,100.0,100.0,100.0,100.0,100.0,HIGH CONFIDENCE
P0367,SRV-1367,P0367,100.0,100.0,100.0,100.0,100.0,HIGH CONFIDENCE
P0368,SRV-1368,P0368,100.0,100.0,100.0,100.0,100.0,HIGH CONFIDENCE
P0369,SRV-1369,P0369,100.0,100.0,100.0,100.0,100.0,HIGH CONFIDENCE
P0370,SRV-1370,P0370,100.0,100.0,100.0,100.0,100.0,HIGH CONFIDENCE
P0371,SRV-1371,P0371,100.0,100.0,100.0,100.0,100.0,HIGH CONFIDENCE
P0372,SRV-1372,P0372,100.0,100.0,100.0,100.0,100.0,HIGH CONFIDENCE
P0373,SRV-1373,P0373,100.0,100.0,100.0,100.0,100.0,HIGH CONFIDENCE
P0374,SRV-1374,P0374,100.0,100.0,100.0,100.0,100.0,HIGH CONFIDENCE
P0375,SRV-1375,P0375,100.0,100.0,100.0,100.0,100.0,HIGH CONFIDENCE
P0376,SRV-1376,P0376,100.0,100.0,100.0,100.0,100.0,HIGH CONFIDENCE
P0377,SRV-1377,P0377,100.0,100.0,100.0,100.0,100.0,HIGH CONFIDENCE
P0378,SRV-1378,P0378,100.0,100.0,100.0,100.0,100.0,HIGH CONFIDENCE
P0379,SRV-1379,P0379,100.0,100.0,100.0,100.0,100.0,HIGH CONFIDENCE
P0380,SRV-1380,P0380,100.0,100.0,100.0,100.0,100.0,HIGH CONFIDENCE
P0381,SRV-1381,P0381,100.0,100.0,100.0,100.0,100.0,HIGH CONFIDENCE
P0382,SRV-1382,P0382,100.0,100.0,100.0,100.0,100.0,HIGH CONFIDENCE
P0383,SRV-1383,P0383,100.0,100.0,100.0,100.0,100.0,HIGH CONFIDENCE
P0384,SRV-1384,P0384,100.0,100.0,100.0,100.0,100.0,HIGH CONFIDENCE
P0385,SRV-1385,P0385,100.0,100.0,100.0,100.0,100.0,HIGH CONFIDENCE
P0386,SRV-1386,P0386,100.0,100.0,100.0,100.0,100.0,HIGH CONFIDENCE
P0387,SRV-1387,P0387,100.0,100.0,100.0,100.0,100.0,HIGH CONFIDENCE
P0388,SRV-1388,P0388,100.0,100.0,100.0,100.0,100.0,HIGH CONFIDENCE
P0389,SRV-1389,P0389,100.0,100.0,100.0,100.0,100.0,HIGH CONFIDENCE
P0390,SRV-1390,P0390,100.0,100.0,100.0,100.0,100.0,HIGH CONFIDENCE
P0391,SRV-1391,P0391,100.0,100.0,100.0,100.0,100.0,HIGH CONFIDENCE
P0392,SRV-1392,P0392,100.0,100.0,100.0,100.0,100.0,HIGH CONFIDENCE
P0393,SRV-1393,P0393,100.0,100.0,100.0,100.0,100.0,HIGH CONFIDENCE
P0394,SRV-1394,P0394,100.0,100.0,100.0,100.0,100.0,HIGH CONFIDENCE
P0395,SRV-1395,P0395,100.0,100.0,100.0,100.0,100.0,HIGH CONFIDENCE
P0396,SRV-1396,P0396,100.0,100.0,100.0,100.0,100.0,HIGH CONFIDENCE
P0397,SRV-1397,P0397,100.0,100.0,100.0,100.0,100.0,HIGH CONFIDENCE
P0398,SRV-1398,P0398,100.0,100.0,100.0,100.0,100.0,HIGH CONFIDENCE
P0399,SRV-1399,P0399,100.0,100.0,100.0,100.0,100.0,HIGH CONFIDENCE
P0400,SRV-1400,P0400,100.0,100.0,100.0,100.0,100.0,HIGH CONFIDENCE
P0401,SRV-1401,P0401,100.0,100.0,100.0,100.0,100.0,HIGH CONFIDENCE
P0402,SRV-1402,P0402,100.0,100.0,100.0,100.0,100.0,HIGH CONFIDENCE
P0403,SRV-1403,P0403,100.0,100.0,100.0,100.0,100.0,HIGH CONFIDENCE
P0404,SRV-1404,P0404,100.0,100.0,100.0,100.0,100.0,HIGH CONFIDENCE
P0405,SRV-1405,P0405,100.0,100.0,100.0,100.0,100.0,HIGH CONFIDENCE
P0406,SRV-1406,P0406,100.0,100.0,100.0,100.0,100.0,HIGH CONFIDENCE
P0407,SRV-1407,P0407,100.0,100.0,100.0,100.0,100.0,HIGH CONFIDENCE
P0408,SRV-1408,P0408,100.0,100.0,100.0,100.0,100.0,HIGH CONFIDENCE
P0409,SRV-1409,P0409,100.0,100.0,100.0,100.0,100.0,HIGH CONFIDENCE
P0410,SRV-1410,P0410,100.0,100.0,100.0,100.0,100.0,HIGH CONFIDENCE
P0411,SRV-1411,P0411,100.0,100.0,100.0,100.0,100.0,HIGH CONFIDENCE
P0412,SRV-1412,P0412,100.0,100.0,100.0,100.0,100.0,HIGH CONFIDENCE
P0413,SRV-1413,P0413,100.0,100.0,100.0,100.0,100.0,HIGH CONFIDENCE
P0414,SRV-1414,P0414,100.0,100.0,100.0,100.0,100.0,HIGH CONFIDENCE
P0415,SRV-1415,P0415,100.0,100.0,100.0,100.0,100.0,HIGH CONFIDENCE
P0416,SRV-1416,P0416,100.0,100.0,100.0,100.0,100.0,HIGH CONFIDENCE
P0417,SRV-1417,P0417,100.0,100.0,100.0,100.0,100.0,HIGH CONFIDENCE
P0418,SRV-1418,P0418,100.0,100.0,100.0,100.0,100.0,HIGH CONFIDENCE
P0419,SRV-1419,P0419,100.0,100.0,100.0,100.0,100.0,HIGH CONFIDENCE
P0420,SRV-1420,P0420,100.0,100.0,100.0,100.0,100.0,HIGH CONFIDENCE
P0421,SRV-1421,P0421,100.0,100.0,100.0,100.0,100.0,HIGH CONFIDENCE
P0422,SRV-1422,P0422,100.0,100.0,100.0,100.0,100.0,HIGH CONFIDENCE
P0423,SRV-1423,P0423,100.0,100.0,100.0,100.0,100.0,HIGH CONFIDENCE
P0424,SRV-1424,P0424,100.0,100.0,100.0,100.0,100.0,HIGH CONFIDENCE
P0425,SRV-1425,P0425,100.0,100.0,100.0,100.0,100.0,HIGH CONFIDENCE
P0426,SRV-1426,P0426,100.0,100.0,100.0,100.0,100.0,HIGH CONFIDENCE
P0427,SRV-1427,P0427,100.0,100.0,100.0,100.0,100.0,HIGH CONFIDENCE
P0428,SRV-1428,P0428,100.0,100.0,100.0,100.0,100.0,HIGH CONFIDENCE
P0429,SRV-1429,P0429,100.0,100.0,100.0,100.0,100.0,HIGH CONFIDENCE
P0430,SRV-1430,P0430,100.0,100.0,100.0,100.0,100.0,HIGH CONFIDENCE
P0431,SRV-1431,P0431,100.0,100.0,100.0,100.0,100.0,HIGH CONFIDENCE
P0432,SRV-1432,P0432,100.0,100.0,100.0,100.0,100.0,HIGH CONFIDENCE
P0433,SRV-1433,P0433,100.0,100.0,100.0,100.0,100.0,HIGH CONFIDENCE
P0434,SRV-1434,P0434,100.0,100.0,100.0,100.0,100.0,HIGH CONFIDENCE
P0435,SRV-1435,P0435,100.0,100.0,100.0,100.0,100.0,HIGH CONFIDENCE
P0436,SRV-1436,P0436,100.0,100.0,100.0,100.0,100.0,HIGH CONFIDENCE
P0437,SRV-1437,P0437,100.0,100.0,100.0,100.0,100.0,HIGH CONFIDENCE
P0438,SRV-1438,P0438,100.0,100.0,100.0,100.0,100.0,HIGH CONFIDENCE
P0439,SRV-1439,P0439,100.0,100.0,100.0,100.0,100.0,HIGH CONFIDENCE
P0440,SRV-1440,P0440,100.0,100.0,100.0,100.0,100.0,HIGH CONFIDENCE
P0441,SRV-1441,P0441,100.0,100.0,100.0,100.0,100.0,HIGH CONFIDENCE
P0442,SRV-1442,P0442,100.0,100.0,100.0,100.0,100.0,HIGH CONFIDENCE
P0443,SRV-1443,P0443,100.0,100.0,100.0,100.0,100.0,HIGH CONFIDENCE
P0444,SRV-1444,P0444,100.0,100.0,100.0,100.0,100.0,HIGH CONFIDENCE
P0445,SRV-1445,P0445,100.0,100.0,100.0,100.0,100.0,HIGH CONFIDENCE
P0446,SRV-1446,P0446,100.0,100.0,100.0,100.0,100.0,HIGH CONFIDENCE
P0447,SRV-1447,P0447,100.0,100.0,100.0,100.0,100.0,HIGH CONFIDENCE
P0448,SRV-1448,P0448,100.0,100.0,100.0,100.0,100.0,HIGH CONFIDENCE
P0449,SRV-1449,P0449,100.0,100.0,100.0,100.0,100.0,HIGH CONFIDENCE
P0450,SRV-1450,P0450,100.0,100.0,100.0,100.0,100.0,HIGH CONFIDENCE
P0451,SRV-1451,P0451,100.0,100.0,100.0,100.0,100.0,HIGH CONFIDENCE
P0452,SRV-1452,P0452,100.0,100.0,100.0,100.0,100.0,HIGH CONFIDENCE
P0453,SRV-1453,P0453,100.0,100.0,100.0,100.0,100.0,HIGH CONFIDENCE
P0454,SRV-1454,P0454,100.0,100.0,100.0,100.0,100.0,HIGH CONFIDENCE
P0455,SRV-1455,P0455,100.0,100.0,100.0,100.0,100.0,HIGH CONFIDENCE
P0456,SRV-1456,P0456,100.0,100.0,100.0,100.0,100.0,HIGH CONFIDENCE
P0457,SRV-1457,P0457,100.0,100.0,100.0,100.0,100.0,HIGH CONFIDENCE
P0458,SRV-1458,P0458,100.0,100.0,100.0,100.0,100.0,HIGH CONFIDENCE
P0459,SRV-1459,P0459,100.0,100.0,100.0,100.0,100.0,HIGH CONFIDENCE
P0460,SRV-1460,P0460,100.0,100.0,100.0,100.0,100.0,HIGH CONFIDENCE
P0461,SRV-1461,P0461,100.0,100.0,100.0,100.0,100.0,HIGH CONFIDENCE
P0462,SRV-1462,P0462,100.0,100.0,100.0,100.0,100.0,HIGH CONFIDENCE
P0463,SRV-1463,P0463,100.0,100.0,100.0,100.0,100.0,HIGH CONFIDENCE
P0464,SRV-1464,P0464,100.0,100.0,100.0,100.0,100.0,HIGH CONFIDENCE
P0465,SRV-1465,P0465,100.0,100.0,100.0,100.0,100.0,HIGH CONFIDENCE
P0466,SRV-1466,P0466,100.0,100.0,100.0,100.0,100.0,HIGH CONFIDENCE
P0467,SRV-1467,P0467,100.0,100.0,100.0,100.0,100.0,HIGH CONFIDENCE
P0468,SRV-1468,P0468,100.0,100.0,100.0,100.0,100.0,HIGH CONFIDENCE
P0469,SRV-1469,P0469,100.0,100.0,100.0,100.0,100.0,HIGH CONFIDENCE
P0470,SRV-1470,P0470,100.0,100.0,100.0,100.0,100.0,HIGH CONFIDENCE
P0471,SRV-1471,P0471,100.0,100.0,100.0,100.0,100.0,HIGH CONFIDENCE
P0472,SRV-1472,P0472,100.0,100.0,100.0,100.0,100.0,HIGH CONFIDENCE
P0473,SRV-1473,P0473,100.0,100.0,100.0,100.0,100.0,HIGH CONFIDENCE
P0474,SRV-1474,P0474,100.0,100.0,100.0,100.0,100.0,HIGH CONFIDENCE
P0475,SRV-1475,P0475,100.0,100.0,100.0,100.0,100.0,HIGH CONFIDENCE
P0476,SRV-1476,P0476,100.0,100.0,100.0,100.0,100.0,HIGH CONFIDENCE
P0477,SRV-1477,P0477,100.0,100.0,100.0,100.0,100.0,HIGH CONFIDENCE
P0478,SRV-1478,P0478,100.0,100.0,100.0,100.0,100.0,HIGH CONFIDENCE
P0479,SRV-1479,P0479,100.0,100.0,100.0,100.0,100.0,HIGH CONFIDENCE
P0480,SRV-1480,P0480,100.0,100.0,100.0,100.0,100.0,HIGH CONFIDENCE
P0481,SRV-1481,P0481,100.0,100.0,100.0,100.0,100.0,HIGH CONFIDENCE
P0482,SRV-1482,P0482,100.0,100.0,100.0,100.0,100.0,HIGH CONFIDENCE
P0483,SRV-1483,P0483,100.0,100.0,100.0,100.0,100.0,HIGH CONFIDENCE
P0484,SRV-1484,P0484,100.0,100.0,100.0,100.0,100.0,HIGH CONFIDENCE
P0485,SRV-1485,P0485,100.0,100.0,100.0,100.0,100.0,HIGH CONFIDENCE
P0486,SRV-1486,P0486,100.0,100.0,100.0,100.0,100.0,HIGH CONFIDENCE
P0487,SRV-1487,P0487,100.0,100.0,100.0,100.0,100.0,HIGH CONFIDENCE
P0488,SRV-1488,P0488,100.0,100.0,100.0,100.0,100.0,HIGH CONFIDENCE
P0489,SRV-1489,P0489,100.0,100.0,100.0,100.0,100.0,HIGH CONFIDENCE
P0490,SRV-1490,P0490,100.0,100.0,100.0,100.0,100.0,HIGH CONFIDENCE
P0491,SRV-1491,P0491,100.0,100.0,100.0,100.0,100.0,HIGH CONFIDENCE
P0492,SRV-1492,P0492,100.0,100.0,100.0,100.0,100.0,HIGH CONFIDENCE
P0493,SRV-1493,P0493,100.0,100.0,100.0,100.0,100.0,HIGH CONFIDENCE
P0494,SRV-1494,P0494,100.0,100.0,100.0,100.0,100.0,HIGH CONFIDENCE
P0495,SRV-1495,P0495,100.0,100.0,100.0,100.0,100.0,HIGH CONFIDENCE
P0496,SRV-1496,P0496,100.0,100.0,100.0,100.0,100.0,HIGH CONFIDENCE
P0497,SRV-1497,P0497,100.0,100.0,100.0,100.0,100.0,HIGH CONFIDENCE
P0498,SRV-1498,P0498,100.0,100.0,100.0,100.0,100.0,HIGH CONFIDENCE
P0499,SRV-1499,P0499,100.0,100.0,100.0,100.0,100.0,HIGH CONFIDENCE
P0500,SRV-1500,P0500,100.0,100.0,100.0,100.0,100.0,HIGH CONFIDENCE
