parcel_id,municipal_plot_id,conflict_count,recommended_action,explanation
P0001,M-8000,0,NO ACTION,No significant conflict detected between the available records.
P0002,M-8001,0,NO ACTION,No significant conflict detected between the available records.
P0003,M-8002,0,NO ACTION,No significant conflict detected between the available records.
P0004,M-8003,0,NO ACTION,No significant conflict detected between the available records.
P0005,M-8004,0,NO ACTION,No significant conflict detected between the available records.
P0006,M-8005,1,REVIEW OWNER,Owner names are similar but require verification.
P0007,M-8006,0,NO ACTION,No significant conflict detected between the available records.
P0008,M-8007,0,NO ACTION,No significant conflict detected between the available records.
P0009,M-8008,0,NO ACTION,No significant conflict detected between the available records.
P0010,M-8009,0,NO ACTION,No significant conflict detected between the available records.
P0011,M-8010,0,NO ACTION,No significant conflict detected between the available records.
P0012,M-8011,0,NO ACTION,No significant conflict detected between the available records.
P0013,M-8012,0,NO ACTION,No significant conflict detected between the available records.
P0014,M-8013,0,NO ACTION,No significant conflict detected between the available records.
P0015,M-8014,0,NO ACTION,No significant conflict detected between the available records.
P0016,M-8015,1,REVIEW OWNER,Owner records differ. Cadastral: Suresh P.; Municipal: Priya Singh.
P0017,M-8016,0,NO ACTION,No significant conflict detected between the available records.
P0018,M-8017,0,NO ACTION,No significant conflict detected between the available records.
P0019,M-8018,0,NO ACTION,No significant conflict detected between the available records.
P0020,M-8019,0,NO ACTION,No significant conflict detected between the available records.
P0021,M-8020,0,NO ACTION,No significant conflict detected between the available records.
P0022,M-8021,0,NO ACTION,No significant conflict detected between the available records.
P0023,M-8022,0,NO ACTION,No significant conflict detected between the available records.
P0024,M-8023,0,NO ACTION,No significant conflict detected between the available records.
P0025,M-8024,0,NO ACTION,No significant conflict detected between the available records.
P0026,M-8025,0,NO ACTION,No significant conflict detected between the available records.
P0027,M-8026,0,NO ACTION,No significant conflict detected between the available records.
P0028,M-8027,0,NO ACTION,No significant conflict detected between the available records.
P0029,M-8028,0,NO ACTION,No significant conflict detected between the available records.
P0030,M-8029,0,NO ACTION,No significant conflict detected between the available records.
P0031,M-8030,1,REVIEW AREA,Recorded parcel areas differ by 36.00 square metres.
P0032,M-8031,0,NO ACTION,No significant conflict detected between the available records.
P0033,M-8032,0,NO ACTION,No significant conflict detected between the available records.
P0034,M-8033,0,NO ACTION,No significant conflict detected between the available records.
P0035,M-8034,0,NO ACTION,No significant conflict detected between the available records.
P0036,M-8035,1,REVIEW OWNER,Owner records differ. Cadastral: Amit S.; Municipal: Sunita Pawar.
P0037,M-8036,0,NO ACTION,No significant conflict detected between the available records.
P0038,M-8037,0,NO ACTION,No significant conflict detected between the available records.
P0039,M-8038,0,NO ACTION,No significant conflict detected between the available records.
P0040,M-8039,0,NO ACTION,No significant conflict detected between the available records.
P0041,M-8040,1,REVIEW GEOMETRY,Geometry issue: Municipal boundary appears spatially shifted.
P0042,M-8041,0,NO ACTION,No significant conflict detected between the available records.
P0043,M-8042,0,NO ACTION,No significant conflict detected between the available records.
P0044,M-8043,0,NO ACTION,No significant conflict detected between the available records.
P0045,M-8044,0,NO ACTION,No significant conflict detected between the available records.
P0046,M-8045,0,NO ACTION,No significant conflict detected between the available records.
P0047,M-8046,0,NO ACTION,No significant conflict detected between the available records.
P0048,M-8047,0,NO ACTION,No significant conflict detected between the available records.
P0049,M-8048,0,NO ACTION,No significant conflict detected between the available records.
P0050,M-8049,0,NO ACTION,No significant conflict detected between the available records.
P0051,M-8050,1,REVIEW AREA,Recorded parcel areas differ by 48.00 square metres.
P0052,M-8051,0,NO ACTION,No significant conflict detected between the available records.
P0053,M-8052,0,NO ACTION,No significant conflict detected between the available records.
P0054,M-8053,0,NO ACTION,No significant conflict detected between the available records.
P0055,M-8054,0,NO ACTION,No significant conflict detected between the available records.
P0056,M-8055,0,NO ACTION,No significant conflict detected between the available records.
P0057,M-8056,0,NO ACTION,No significant conflict detected between the available records.
P0058,M-8057,0,NO ACTION,No significant conflict detected between the available records.
P0059,M-8058,0,NO ACTION,No significant conflict detected between the available records.
P0060,M-8059,0,NO ACTION,No significant conflict detected between the available records.
P0061,M-8060,0,NO ACTION,No significant conflict detected between the available records.
P0062,M-8061,0,NO ACTION,No significant conflict detected between the available records.
P0063,M-8062,0,NO ACTION,No significant conflict detected between the available records.
P0064,M-8063,0,NO ACTION,No significant conflict detected between the available records.
P0065,M-8064,0,NO ACTION,No significant conflict detected between the available records.
P0066,M-8065,0,NO ACTION,No significant conflict detected between the available records.
P0067,M-8066,0,NO ACTION,No significant conflict detected between the available records.
P0068,M-8067,0,NO ACTION,No significant conflict detected between the available records.
P0069,M-8068,0,NO ACTION,No significant conflict detected between the available records.
P0070,M-8069,0,NO ACTION,No significant conflict detected between the available records.
P0071,M-8070,0,NO ACTION,No significant conflict detected between the available records.
P0072,M-8071,0,NO ACTION,No significant conflict detected between the available records.
P0073,M-8072,0,NO ACTION,No significant conflict detected between the available records.
P0074,M-8073,0,NO ACTION,No significant conflict detected between the available records.
P0075,M-8074,0,NO ACTION,No significant conflict detected between the available records.
P0076,M-8075,0,NO ACTION,No significant conflict detected between the available records.
P0077,M-8076,0,NO ACTION,No significant conflict detected between the available records.
P0078,M-8077,0,NO ACTION,No significant conflict detected between the available records.
P0079,M-8078,0,NO ACTION,No significant conflict detected between the available records.
P0080,M-8079,0,NO ACTION,No significant conflict detected between the available records.
P0081,M-8080,0,NO ACTION,No significant conflict detected between the available records.
P0082,M-8081,0,NO ACTION,No significant conflict detected between the available records.
P0083,M-8082,0,NO ACTION,No significant conflict detected between the available records.
P0084,M-8083,0,NO ACTION,No significant conflict detected between the available records.
P0085,M-8084,0,NO ACTION,No significant conflict detected between the available records.
P0086,M-8085,0,NO ACTION,No significant conflict detected between the available records.
P0087,M-8086,0,NO ACTION,No significant conflict detected between the available records.
P0088,M-8087,0,NO ACTION,No significant conflict detected between the available records.
P0089,M-8088,0,NO ACTION,No significant conflict detected between the available records.
P0090,M-8089,0,NO ACTION,No significant conflict detected between the available records.
P0091,M-8090,0,NO ACTION,No significant conflict detected between the available records.
P0092,M-8091,0,NO ACTION,No significant conflict detected between the available records.
P0093,M-8092,0,NO ACTION,No significant conflict detected between the available records.
P0094,M-8093,0,NO ACTION,No significant conflict detected between the available records.
P0095,M-8094,0,NO ACTION,No significant conflict detected between the available records.
P0096,M-8095,0,NO ACTION,No significant conflict detected between the available records.
P0097,M-8096,0,NO ACTION,No significant conflict detected between the available records.
P0098,M-8097,0,NO ACTION,No significant conflict detected between the available records.
P0099,M-8098,0,NO ACTION,No significant conflict detected between the available records.
P0100,M-8099,0,NO ACTION,No significant conflict detected between the available records.
P0101,M-8100,1,REVIEW AREA,Recorded parcel areas differ by 48.00 square metres.
P0102,M-8101,0,NO ACTION,No significant conflict detected between the available records.
P0103,M-8102,0,NO ACTION,No significant conflict detected between the available records.
P0104,M-8103,0,NO ACTION,No significant conflict detected between the available records.
P0105,M-8104,0,NO ACTION,No significant conflict detected between the available records.
P0106,M-8105,0,NO ACTION,No significant conflict detected between the available records.
P0107,M-8106,0,NO ACTION,No significant conflict detected between the available records.
P0108,M-8107,0,NO ACTION,No significant conflict detected between the available records.
P0109,M-8108,0,NO ACTION,No significant conflict detected between the available records.
P0110,M-8109,0,NO ACTION,No significant conflict detected between the available records.
P0111,M-8110,0,NO ACTION,No significant conflict detected between the available records.
P0112,M-8111,0,NO ACTION,No significant conflict detected between the available records.
P0113,M-8112,0,NO ACTION,No significant conflict detected between the available records.
P0114,M-8113,0,NO ACTION,No significant conflict detected between the available records.
P0115,M-8114,0,NO ACTION,No significant conflict detected between the available records.
P0116,M-8115,0,NO ACTION,No significant conflict detected between the available records.
P0117,M-8116,0,NO ACTION,No significant conflict detected between the available records.
P0118,M-8117,0,NO ACTION,No significant conflict detected between the available records.
P0119,M-8118,0,NO ACTION,No significant conflict detected between the available records.
P0120,M-8119,0,NO ACTION,No significant conflict detected between the available records.
P0121,M-8120,0,NO ACTION,No significant conflict detected between the available records.
P0122,M-8121,0,NO ACTION,No significant conflict detected between the available records.
P0123,M-8122,0,NO ACTION,No significant conflict detected between the available records.
P0124,M-8123,0,NO ACTION,No significant conflict detected between the available records.
P0125,M-8124,0,NO ACTION,No significant conflict detected between the available records.
P0126,M-8125,0,NO ACTION,No significant conflict detected between the available records.
P0127,M-8126,0,NO ACTION,No significant conflict detected between the available records.
P0128,M-8127,0,NO ACTION,No significant conflict detected between the available records.
P0129,M-8128,0,NO ACTION,No significant conflict detected between the available records.
P0130,M-8129,0,NO ACTION,No significant conflict detected between the available records.
P0131,M-8130,0,NO ACTION,No significant conflict detected between the available records.
P0132,M-8131,0,NO ACTION,No significant conflict detected between the available records.
P0133,M-8132,0,NO ACTION,No significant conflict detected between the available records.
P0134,M-8133,0,NO ACTION,No significant conflict detected between the available records.
P0135,M-8134,0,NO ACTION,No significant conflict detected between the available records.
P0136,M-8135,0,NO ACTION,No significant conflict detected between the available records.
P0137,M-8136,0,NO ACTION,No significant conflict detected between the available records.
P0138,M-8137,0,NO ACTION,No significant conflict detected between the available records.
P0139,M-8138,0,NO ACTION,No significant conflict detected between the available records.
P0140,M-8139,0,NO ACTION,No significant conflict detected between the available records.
P0141,M-8140,0,NO ACTION,No significant conflict detected between the available records.
P0142,M-8141,0,NO ACTION,No significant conflict detected between the available records.
P0143,M-8142,0,NO ACTION,No significant conflict detected between the available records.
P0144,M-8143,0,NO ACTION,No significant conflict detected between the available records.
P0145,M-8144,0,NO ACTION,No significant conflict detected between the available records.
P0146,M-8145,0,NO ACTION,No significant conflict detected between the available records.
P0147,M-8146,0,NO ACTION,No significant conflict detected between the available records.
P0148,M-8147,0,NO ACTION,No significant conflict detected between the available records.
P0149,M-8148,0,NO ACTION,No significant conflict detected between the available records.
P0150,M-8149,0,NO ACTION,No significant conflict detected between the available records.
P0151,M-8150,1,REVIEW AREA,Recorded parcel areas differ by 60.00 square metres.
P0152,M-8151,0,NO ACTION,No significant conflict detected between the available records.
P0153,M-8152,0,NO ACTION,No significant conflict detected between the available records.
P0154,M-8153,0,NO ACTION,No significant conflict detected between the available records.
P0155,M-8154,0,NO ACTION,No significant conflict detected between the available records.
P0156,M-8155,0,NO ACTION,No significant conflict detected between the available records.
P0157,M-8156,0,NO ACTION,No significant conflict detected between the available records.
P0158,M-8157,0,NO ACTION,No significant conflict detected between the available records.
P0159,M-8158,0,NO ACTION,No significant conflict detected between the available records.
P0160,M-8159,0,NO ACTION,No significant conflict detected between the available records.
P0161,M-8160,0,NO ACTION,No significant conflict detected between the available records.
P0162,M-8161,0,NO ACTION,No significant conflict detected between the available records.
P0163,M-8162,0,NO ACTION,No significant conflict detected between the available records.
P0164,M-8163,0,NO ACTION,No significant conflict detected between the available records.
P0165,M-8164,0,NO ACTION,No significant conflict detected between the available records.
P0166,M-8165,0,NO ACTION,No significant conflict detected between the available records.
P0167,M-8166,0,NO ACTION,No significant conflict detected between the available records.
P0168,M-8167,0,NO ACTION,No significant conflict detected between the available records.
P0169,M-8168,0,NO ACTION,No significant conflict detected between the available records.
P0170,M-8169,0,NO ACTION,No significant conflict detected between the available records.
P0171,M-8170,0,NO ACTION,No significant conflict detected between the available records.
P0172,M-8171,0,NO ACTION,No significant conflict detected between the available records.
P0173,M-8172,0,NO ACTION,No significant conflict detected between the available records.
P0174,M-8173,0,NO ACTION,No significant conflict detected between the available records.
P0175,M-8174,0,NO ACTION,No significant conflict detected between the available records.
P0176,M-8175,0,NO ACTION,No significant conflict detected between the available records.
P0177,M-8176,0,NO ACTION,No significant conflict detected between the available records.
P0178,M-8177,0,NO ACTION,No significant conflict detected between the available records.
P0179,M-8178,0,NO ACTION,No significant conflict detected between the available records.
P0180,M-8179,0,NO ACTION,No significant conflict detected between the available records.
P0181,M-8180,0,NO ACTION,No significant conflict detected between the available records.
P0182,M-8181,0,NO ACTION,No significant conflict detected between the available records.
P0183,M-8182,0,NO ACTION,No significant conflict detected between the available records.
P0184,M-8183,0,NO ACTION,No significant conflict detected between the available records.
P0185,M-8184,0,NO ACTION,No significant conflict detected between the available records.
P0186,M-8185,0,NO ACTION,No significant conflict detected between the available records.
P0187,M-8186,0,NO ACTION,No significant conflict detected between the available records.
P0188,M-8187,0,NO ACTION,No significant conflict detected between the available records.
P0189,M-8188,0,NO ACTION,No significant conflict detected between the available records.
P0190,M-8189,0,NO ACTION,No significant conflict detected between the available records.
P0191,M-8190,0,NO ACTION,No significant conflict detected between the available records.
P0192,M-8191,0,NO ACTION,No significant conflict detected between the available records.
P0193,M-8192,0,NO ACTION,No significant conflict detected between the available records.
P0194,M-8193,0,NO ACTION,No significant conflict detected between the available records.
P0195,M-8194,0,NO ACTION,No significant conflict detected between the available records.
P0196,M-8195,0,NO ACTION,No significant conflict detected between the available records.
P0197,M-8196,0,NO ACTION,No significant conflict detected between the available records.
P0198,M-8197,0,NO ACTION,No significant conflict detected between the available records.
P0199,M-8198,0,NO ACTION,No significant conflict detected between the available records.
P0200,M-8199,0,NO ACTION,No significant conflict detected between the available records.
P0201,M-8200,0,NO ACTION,No significant conflict detected between the available records.
P0202,M-8201,0,NO ACTION,No significant conflict detected between the available records.
P0203,M-8202,0,NO ACTION,No significant conflict detected between the available records.
P0204,M-8203,0,NO ACTION,No significant conflict detected between the available records.
P0205,M-8204,0,NO ACTION,No significant conflict detected between the available records.
P0206,M-8205,0,NO ACTION,No significant conflict detected between the available records.
P0207,M-8206,0,NO ACTION,No significant conflict detected between the available records.
P0208,M-8207,0,NO ACTION,No significant conflict detected between the available records.
P0209,M-8208,0,NO ACTION,No significant conflict detected between the available records.
P0210,M-8209,0,NO ACTION,No significant conflict detected between the available records.
P0211,M-8210,0,NO ACTION,No significant conflict detected between the available records.
P0212,M-8211,0,NO ACTION,No significant conflict detected between the available records.
P0213,M-8212,0,NO ACTION,No significant conflict detected between the available records.
P0214,M-8213,0,NO ACTION,No significant conflict detected between the available records.
P0215,M-8214,0,NO ACTION,No significant conflict detected between the available records.
P0216,M-8215,0,NO ACTION,No significant conflict detected between the available records.
P0217,M-8216,0,NO ACTION,No significant conflict detected between the available records.
P0218,M-8217,0,NO ACTION,No significant conflict detected between the available records.
P0219,M-8218,0,NO ACTION,No significant conflict detected between the available records.
P0220,M-8219,0,NO ACTION,No significant conflict detected between the available records.
P0221,M-8220,0,NO ACTION,No significant conflict detected between the available records.
P0222,M-8221,0,NO ACTION,No significant conflict detected between the available records.
P0223,M-8222,0,NO ACTION,No significant conflict detected between the available records.
P0224,M-8223,0,NO ACTION,No significant conflict detected between the available records.
P0225,M-8224,0,NO ACTION,No significant conflict detected between the available records.
P0226,M-8225,0,NO ACTION,No significant conflict detected between the available records.
P0227,M-8226,0,NO ACTION,No significant conflict detected between the available records.
P0228,M-8227,0,NO ACTION,No significant conflict detected between the available records.
P0229,M-8228,0,NO ACTION,No significant conflict detected between the available records.
P0230,M-8229,0,NO ACTION,No significant conflict detected between the available records.
P0231,M-8230,0,NO ACTION,No significant conflict detected between the available records.
P0232,M-8231,0,NO ACTION,No significant conflict detected between the available records.
P0233,M-8232,0,NO ACTION,No significant conflict detected between the available records.
P0234,M-8233,0,NO ACTION,No significant conflict detected between the available records.
P0235,M-8234,0,NO ACTION,No significant conflict detected between the available records.
P0236,M-8235,0,NO ACTION,No significant conflict detected between the available records.
P0237,M-8236,0,NO ACTION,No significant conflict detected between the available records.
P0238,M-8237,0,NO ACTION,No significant conflict detected between the available records.
P0239,M-8238,0,NO ACTION,No significant conflict detected between the available records.
P0240,M-8239,0,NO ACTION,No significant conflict detected between the available records.
P0241,M-8240,0,NO ACTION,No significant conflict detected between the available records.
P0242,M-8241,0,NO ACTION,No significant conflict detected between the available records.
P0243,M-8242,0,NO ACTION,No significant conflict detected between the available records.
P0244,M-8243,0,NO ACTION,No significant conflict detected between the available records.
P0245,M-8244,0,NO ACTION,No significant conflict detected between the available records.
P0246,M-8245,0,NO ACTION,No significant conflict detected between the available records.
P0247,M-8246,0,NO ACTION,No significant conflict detected between the available records.
P0248,M-8247,0,NO ACTION,No significant conflict detected between the available records.
P0249,M-8248,0,NO ACTION,No significant conflict detected between the available records.
P0250,M-8249,0,NO ACTION,No significant conflict detected between the available records.
P0251,M-8250,0,NO ACTION,No significant conflict detected between the available records.
P0252,M-8251,0,NO ACTION,No significant conflict detected between the available records.
P0253,M-8252,0,NO ACTION,No significant conflict detected between the available records.
P0254,M-8253,0,NO ACTION,No significant conflict detected between the available records.
P0255,M-8254,0,NO ACTION,No significant conflict detected between the available records.
P0256,M-8255,0,NO ACTION,No significant conflict detected between the available records.
P0257,M-8256,0,NO ACTION,No significant conflict detected between the available records.
P0258,M-8257,0,NO ACTION,No significant conflict detected between the available records.
P0259,M-8258,0,NO ACTION,No significant conflict detected between the available records.
P0260,M-8259,0,NO ACTION,No significant conflict detected between the available records.
P0261,M-8260,0,NO ACTION,No significant conflict detected between the available records.
P0262,M-8261,0,NO ACTION,No significant conflict detected between the available records.
P0263,M-8262,0,NO ACTION,No significant conflict detected between the available records.
P0264,M-8263,0,NO ACTION,No significant conflict detected between the available records.
P0265,M-8264,0,NO ACTION,No significant conflict detected between the available records.
P0266,M-8265,0,NO ACTION,No significant conflict detected between the available records.
P0267,M-8266,0,NO ACTION,No significant conflict detected between the available records.
P0268,M-8267,0,NO ACTION,No significant conflict detected between the available records.
P0269,M-8268,0,NO ACTION,No significant conflict detected between the available records.
P0270,M-8269,0,NO ACTION,No significant conflict detected between the available records.
P0271,M-8270,0,NO ACTION,No significant conflict detected between the available records.
P0272,M-8271,0,NO ACTION,No significant conflict detected between the available records.
P0273,M-8272,0,NO ACTION,No significant conflict detected between the available records.
P0274,M-8273,0,NO ACTION,No significant conflict detected between the available records.
P0275,M-8274,0,NO ACTION,No significant conflict detected between the available records.
P0276,M-8275,0,NO ACTION,No significant conflict detected between the available records.
P0277,M-8276,0,NO ACTION,No significant conflict detected between the available records.
P0278,M-8277,0,NO ACTION,No significant conflict detected between the available records.
P0279,M-8278,0,NO ACTION,No significant conflict detected between the available records.
P0280,M-8279,0,NO ACTION,No significant conflict detected between the available records.
P0281,M-8280,0,NO ACTION,No significant conflict detected between the available records.
P0282,M-8281,0,NO ACTION,No significant conflict detected between the available records.
P0283,M-8282,0,NO ACTION,No significant conflict detected between the available records.
P0284,M-8283,0,NO ACTION,No significant conflict detected between the available records.
P0285,M-8284,0,NO ACTION,No significant conflict detected between the available records.
P0286,M-8285,0,NO ACTION,No significant conflict detected between the available records.
P0287,M-8286,0,NO ACTION,No significant conflict detected between the available records.
P0288,M-8287,0,NO ACTION,No significant conflict detected between the available records.
P0289,M-8288,0,NO ACTION,No significant conflict detected between the available records.
P0290,M-8289,0,NO ACTION,No significant conflict detected between the available records.
P0291,M-8290,0,NO ACTION,No significant conflict detected between the available records.
P0292,M-8291,0,NO ACTION,No significant conflict detected between the available records.
P0293,M-8292,0,NO ACTION,No significant conflict detected between the available records.
P0294,M-8293,0,NO ACTION,No significant conflict detected between the available records.
P0295,M-8294,0,NO ACTION,No significant conflict detected between the available records.
P0296,M-8295,0,NO ACTION,No significant conflict detected between the available records.
P0297,M-8296,0,NO ACTION,No significant conflict detected between the available records.
P0298,M-8297,0,NO ACTION,No significant conflict detected between the available records.
P0299,M-8298,0,NO ACTION,No significant conflict detected between the available records.
P0300,M-8299,0,NO ACTION,No significant conflict detected between the available records.
P0301,M-8300,0,NO ACTION,No significant conflict detected between the available records.
P0302,M-8301,0,NO ACTION,No significant conflict detected between the available records.
P0303,M-8302,0,NO ACTION,No significant conflict detected between the available records.
P0304,M-8303,0,NO ACTION,No significant conflict detected between the available records.
P0305,M-8304,0,NO ACTION,No significant conflict detected between the available records.
P0306,M-8305,0,NO ACTION,No significant conflict detected between the available records.
P0307,M-8306,0,NO ACTION,No significant conflict detected between the available records.
P0308,M-8307,0,NO ACTION,No significant conflict detected between the available records.
P0309,M-8308,0,NO ACTION,No significant conflict detected between the available records.
P0310,M-8309,0,NO ACTION,No significant conflict detected between the available records.
P0311,M-8310,0,NO ACTION,No significant conflict detected between the available records.
P0312,M-8311,0,NO ACTION,No significant conflict detected between the available records.
P0313,M-8312,0,NO ACTION,No significant conflict detected between the available records.
P0314,M-8313,0,NO ACTION,No significant conflict detected between the available records.
P0315,M-8314,0,NO ACTION,No significant conflict detected between the available records.
P0316,M-8315,0,NO ACTION,No significant conflict detected between the available records.
P0317,M-8316,0,NO ACTION,No significant conflict detected between the available records.
P0318,M-8317,0,NO ACTION,No significant conflict detected between the available records.
P0319,M-8318,0,NO ACTION,No significant conflict detected between the available records.
P0320,M-8319,0,NO ACTION,No significant conflict detected between the available records.
P0321,M-8320,0,NO ACTION,No significant conflict detected between the available records.
P0322,M-8321,0,NO ACTION,No significant conflict detected between the available records.
P0323,M-8322,0,NO ACTION,No significant conflict detected between the available records.
P0324,M-8323,0,NO ACTION,No significant conflict detected between the available records.
P0325,M-8324,0,NO ACTION,No significant conflict detected between the available records.
P0326,M-8325,0,NO ACTION,No significant conflict detected between the available records.
P0327,M-8326,0,NO ACTION,No significant conflict detected between the available records.
P0328,M-8327,0,NO ACTION,No significant conflict detected between the available records.
P0329,M-8328,0,NO ACTION,No significant conflict detected between the available records.
P0330,M-8329,0,NO ACTION,No significant conflict detected between the available records.
P0331,M-8330,0,NO ACTION,No significant conflict detected between the available records.
P0332,M-8331,0,NO ACTION,No significant conflict detected between the available records.
P0333,M-8332,0,NO ACTION,No significant conflict detected between the available records.
P0334,M-8333,0,NO ACTION,No significant conflict detected between the available records.
P0335,M-8334,0,NO ACTION,No significant conflict detected between the available records.
P0336,M-8335,0,NO ACTION,No significant conflict detected between the available records.
P0337,M-8336,0,NO ACTION,No significant conflict detected between the available records.
P0338,M-8337,0,NO ACTION,No significant conflict detected between the available records.
P0339,M-8338,0,NO ACTION,No significant conflict detected between the available records.
P0340,M-8339,0,NO ACTION,No significant conflict detected between the available records.
P0341,M-8340,0,NO ACTION,No significant conflict detected between the available records.
P0342,M-8341,0,NO ACTION,No significant conflict detected between the available records.
P0343,M-8342,0,NO ACTION,No significant conflict detected between the available records.
P0344,M-8343,0,NO ACTION,No significant conflict detected between the available records.
P0345,M-8344,0,NO ACTION,No significant conflict detected between the available records.
P0346,M-8345,0,NO ACTION,No significant conflict detected between the available records.
P0347,M-8346,0,NO ACTION,No significant conflict detected between the available records.
P0348,M-8347,0,NO ACTION,No significant conflict detected between the available records.
P0349,M-8348,0,NO ACTION,No significant conflict detected between the available records.
P0350,M-8349,0,NO ACTION,No significant conflict detected between the available records.
P0351,M-8350,0,NO ACTION,No significant conflict detected between the available records.
P0352,M-8351,0,NO ACTION,No significant conflict detected between the available records.
P0353,M-8352,0,NO ACTION,No significant conflict detected between the available records.
P0354,M-8353,0,NO ACTION,No significant conflict detected between the available records.
P0355,M-8354,0,NO ACTION,No significant conflict detected between the available records.
P0356,M-8355,0,NO ACTION,No significant conflict detected between the available records.
P0357,M-8356,0,NO ACTION,No significant conflict detected between the available records.
P0358,M-8357,0,NO ACTION,No significant conflict detected between the available records.
P0359,M-8358,0,NO ACTION,No significant conflict detected between the available records.
P0360,M-8359,0,NO ACTION,No significant conflict detected between the available records.
P0361,M-8360,0,NO ACTION,No significant conflict detected between the available records.
P0362,M-8361,0,NO ACTION,No significant conflict detected between the available records.
P0363,M-8362,0,NO ACTION,No significant conflict detected between the available records.
P0364,M-8363,0,NO ACTION,No significant conflict detected between the available records.
P0365,M-8364,0,NO ACTION,No significant conflict detected between the available records.
P0366,M-8365,0,NO ACTION,No significant conflict detected between the available records.
P0367,M-8366,0,NO ACTION,No significant conflict detected between the available records.
P0368,M-8367,0,NO ACTION,No significant conflict detected between the available records.
P0369,M-8368,0,NO ACTION,No significant conflict detected between the available records.
P0370,M-8369,0,NO ACTION,No significant conflict detected between the available records.
P0371,M-8370,0,NO ACTION,No significant conflict detected between the available records.
P0372,M-8371,0,NO ACTION,No significant conflict detected between the available records.
P0373,M-8372,0,NO ACTION,No significant conflict detected between the available records.
P0374,M-8373,0,NO ACTION,No significant conflict detected between the available records.
P0375,M-8374,0,NO ACTION,No significant conflict detected between the available records.
P0376,M-8375,0,NO ACTION,No significant conflict detected between the available records.
P0377,M-8376,0,NO ACTION,No significant conflict detected between the available records.
P0378,M-8377,0,NO ACTION,No significant conflict detected between the available records.
P0379,M-8378,0,NO ACTION,No significant conflict detected between the available records.
P0380,M-8379,0,NO ACTION,No significant conflict detected between the available records.
P0381,M-8380,0,NO ACTION,No significant conflict detected between the available records.
P0382,M-8381,0,NO ACTION,No significant conflict detected between the available records.
P0383,M-8382,0,NO ACTION,No significant conflict detected between the available records.
P0384,M-8383,0,NO ACTION,No significant conflict detected between the available records.
P0385,M-8384,0,NO ACTION,No significant conflict detected between the available records.
P0386,M-8385,0,NO ACTION,No significant conflict detected between the available records.
P0387,M-8386,0,NO ACTION,No significant conflict detected between the available records.
P0388,M-8387,0,NO ACTION,No significant conflict detected between the available records.
P0389,M-8388,0,NO ACTION,No significant conflict detected between the available records.
P0390,M-8389,0,NO ACTION,No significant conflict detected between the available records.
P0391,M-8390,0,NO ACTION,No significant conflict detected between the available records.
P0392,M-8391,0,NO ACTION,No significant conflict detected between the available records.
P0393,M-8392,0,NO ACTION,No significant conflict detected between the available records.
P0394,M-8393,0,NO ACTION,No significant conflict detected between the available records.
P0395,M-8394,0,NO ACTION,No significant conflict detected between the available records.
P0396,M-8395,0,NO ACTION,No significant conflict detected between the available records.
P0397,M-8396,0,NO ACTION,No significant conflict detected between the available records.
P0398,M-8397,0,NO ACTION,No significant conflict detected between the available records.
P0399,M-8398,0,NO ACTION,No significant conflict detected between the available records.
P0400,M-8399,0,NO ACTION,No significant conflict detected between the available records.
P0401,M-8400,0,NO ACTION,No significant conflict detected between the available records.
P0402,M-8401,0,NO ACTION,No significant conflict detected between the available records.
P0403,M-8402,0,NO ACTION,No significant conflict detected between the available records.
P0404,M-8403,0,NO ACTION,No significant conflict detected between the available records.
P0405,M-8404,0,NO ACTION,No significant conflict detected between the available records.
P0406,M-8405,0,NO ACTION,No significant conflict detected between the available records.
P0407,M-8406,0,NO ACTION,No significant conflict detected between the available records.
P0408,M-8407,0,NO ACTION,No significant conflict detected between the available records.
P0409,M-8408,0,NO ACTION,No significant conflict detected between the available records.
P0410,M-8409,0,NO ACTION,No significant conflict detected between the available records.
P0411,M-8410,0,NO ACTION,No significant conflict detected between the available records.
P0412,M-8411,0,NO ACTION,No significant conflict detected between the available records.
P0413,M-8412,0,NO ACTION,No significant conflict detected between the available records.
P0414,M-8413,0,NO ACTION,No significant conflict detected between the available records.
P0415,M-8414,0,NO ACTION,No significant conflict detected between the available records.
P0416,M-8415,0,NO ACTION,No significant conflict detected between the available records.
P0417,M-8416,0,NO ACTION,No significant conflict detected between the available records.
P0418,M-8417,0,NO ACTION,No significant conflict detected between the available records.
P0419,M-8418,0,NO ACTION,No significant conflict detected between the available records.
P0420,M-8419,0,NO ACTION,No significant conflict detected between the available records.
P0421,M-8420,0,NO ACTION,No significant conflict detected between the available records.
P0422,M-8421,0,NO ACTION,No significant conflict detected between the available records.
P0423,M-8422,0,NO ACTION,No significant conflict detected between the available records.
P0424,M-8423,0,NO ACTION,No significant conflict detected between the available records.
P0425,M-8424,0,NO ACTION,No significant conflict detected between the available records.
P0426,M-8425,0,NO ACTION,No significant conflict detected between the available records.
P0427,M-8426,0,NO ACTION,No significant conflict detected between the available records.
P0428,M-8427,0,NO ACTION,No significant conflict detected between the available records.
P0429,M-8428,0,NO ACTION,No significant conflict detected between the available records.
P0430,M-8429,0,NO ACTION,No significant conflict detected between the available records.
P0431,M-8430,0,NO ACTION,No significant conflict detected between the available records.
P0432,M-8431,0,NO ACTION,No significant conflict detected between the available records.
P0433,M-8432,0,NO ACTION,No significant conflict detected between the available records.
P0434,M-8433,0,NO ACTION,No significant conflict detected between the available records.
P0435,M-8434,0,NO ACTION,No significant conflict detected between the available records.
P0436,M-8435,0,NO ACTION,No significant conflict detected between the available records.
P0437,M-8436,0,NO ACTION,No significant conflict detected between the available records.
P0438,M-8437,0,NO ACTION,No significant conflict detected between the available records.
P0439,M-8438,0,NO ACTION,No significant conflict detected between the available records.
P0440,M-8439,0,NO ACTION,No significant conflict detected between the available records.
P0441,M-8440,0,NO ACTION,No significant conflict detected between the available records.
P0442,M-8441,0,NO ACTION,No significant conflict detected between the available records.
P0443,M-8442,0,NO ACTION,No significant conflict detected between the available records.
P0444,M-8443,0,NO ACTION,No significant conflict detected between the available records.
P0445,M-8444,0,NO ACTION,No significant conflict detected between the available records.
P0446,M-8445,0,NO ACTION,No significant conflict detected between the available records.
P0447,M-8446,0,NO ACTION,No significant conflict detected between the available records.
P0448,M-8447,0,NO ACTION,No significant conflict detected between the available records.
P0449,M-8448,0,NO ACTION,No significant conflict detected between the available records.
P0450,M-8449,0,NO ACTION,No significant conflict detected between the available records.
P0451,M-8450,0,NO ACTION,No significant conflict detected between the available records.
P0452,M-8451,0,NO ACTION,No significant conflict detected between the available records.
P0453,M-8452,0,NO ACTION,No significant conflict detected between the available records.
P0454,M-8453,0,NO ACTION,No significant conflict detected between the available records.
P0455,M-8454,0,NO ACTION,No significant conflict detected between the available records.
P0456,M-8455,0,NO ACTION,No significant conflict detected between the available records.
P0457,M-8456,0,NO ACTION,No significant conflict detected between the available records.
P0458,M-8457,0,NO ACTION,No significant conflict detected between the available records.
P0459,M-8458,0,NO ACTION,No significant conflict detected between the available records.
P0460,M-8459,0,NO ACTION,No significant conflict detected between the available records.
P0461,M-8460,0,NO ACTION,No significant conflict detected between the available records.
P0462,M-8461,0,NO ACTION,No significant conflict detected between the available records.
P0463,M-8462,0,NO ACTION,No significant conflict detected between the available records.
P0464,M-8463,0,NO ACTION,No significant conflict detected between the available records.
P0465,M-8464,0,NO ACTION,No significant conflict detected between the available records.
P0466,M-8465,0,NO ACTION,No significant conflict detected between the available records.
P0467,M-8466,0,NO ACTION,No significant conflict detected between the available records.
P0468,M-8467,0,NO ACTION,No significant conflict detected between the available records.
P0469,M-8468,0,NO ACTION,No significant conflict detected between the available records.
P0470,M-8469,0,NO ACTION,No significant conflict detected between the available records.
P0471,M-8470,0,NO ACTION,No significant conflict detected between the available records.
P0472,M-8471,0,NO ACTION,No significant conflict detected between the available records.
P0473,M-8472,0,NO ACTION,No significant conflict detected between the available records.
P0474,M-8473,0,NO ACTION,No significant conflict detected between the available records.
P0475,M-8474,0,NO ACTION,No significant conflict detected between the available records.
P0476,M-8475,0,NO ACTION,No significant conflict detected between the available records.
P0477,M-8476,0,NO ACTION,No significant conflict detected between the available records.
P0478,M-8477,0,NO ACTION,No significant conflict detected between the available records.
P0479,M-8478,0,NO ACTION,No significant conflict detected between the available records.
P0480,M-8479,0,NO ACTION,No significant conflict detected between the available records.
P0481,M-8480,0,NO ACTION,No significant conflict detected between the available records.
P0482,M-8481,0,NO ACTION,No significant conflict detected between the available records.
P0483,M-8482,0,NO ACTION,No significant conflict detected between the available records.
P0484,M-8483,0,NO ACTION,No significant conflict detected between the available records.
P0485,M-8484,0,NO ACTION,No significant conflict detected between the available records.
P0486,M-8485,0,NO ACTION,No significant conflict detected between the available records.
P0487,M-8486,0,NO ACTION,No significant conflict detected between the available records.
P0488,M-8487,0,NO ACTION,No significant conflict detected between the available records.
P0489,M-8488,0,NO ACTION,No significant conflict detected between the available records.
P0490,M-8489,0,NO ACTION,No significant conflict detected between the available records.
P0491,M-8490,0,NO ACTION,No significant conflict detected between the available records.
P0492,M-8491,0,NO ACTION,No significant conflict detected between the available records.
P0493,M-8492,0,NO ACTION,No significant conflict detected between the available records.
P0494,M-8493,0,NO ACTION,No significant conflict detected between the available records.
P0495,M-8494,0,NO ACTION,No significant conflict detected between the available records.
P0496,M-8495,0,NO ACTION,No significant conflict detected between the available records.
P0497,M-8496,0,NO ACTION,No significant conflict detected between the available records.
P0498,M-8497,0,NO ACTION,No significant conflict detected between the available records.
P0499,M-8498,0,NO ACTION,No significant conflict detected between the available records.
P0500,M-8499,0,NO ACTION,No significant conflict detected between the available records.
